SOURCE,SYMBOL,SERIES,ISIN_NUMBER
NSE,20MICRONS,EQ,INE144J01027
NSE,21STCENMGM,EQ,INE253B01015
NSE,360ONE,EQ,INE466L01038
NSE,3IINFOLTD,EQ,INE748C01038
NSE,3MINDIA,EQ,INE470A01017
NSE,3PLAND,EQ,INE105C01023
NSE,5PAISA,EQ,INE618L01018
NSE,63MOONS,EQ,INE111B01023
NSE,A2ZINFRA,EQ,INE619I01012
NSE,AAATECH,EQ,INE0D0U01013
NSE,AADHARHFC,EQ,INE883F01010
NSE,AAKASH,EQ,INE087Z01024
NSE,AAREYDRUGS,EQ,INE198H01019
NSE,AARON,EQ,INE721Z01010
NSE,AARTECH,EQ,INE01C001026
NSE,AARTIDRUGS,EQ,INE767A01016
NSE,AARTIIND,EQ,INE769A01020
NSE,AARTIPHARM,EQ,INE0LRU01027
NSE,AARTISURF,EQ,INE09EO01013
NSE,AARVI,EQ,INE754X01016
NSE,AAVAS,EQ,INE216P01012
NSE,ABAN,BE,INE421A01028
NSE,ABB,EQ,INE117A01022
NSE,ABBOTINDIA,EQ,INE358A01014
NSE,ABCAPITAL,EQ,INE674K01013
NSE,ABCOTS,EQ,INE08PH01015
NSE,ABDL,EQ,INE552Z01027
NSE,ABFRL,EQ,INE647O01011
NSE,ABINFRA,EQ,INE00YB01025
NSE,ABLBL,EQ,INE14LE01019
NSE,ABMINTLLTD,EQ,INE251C01025
NSE,ABREL,EQ,INE055A01016
NSE,ABSLAMC,EQ,INE404A01024
NSE,ACC,EQ,INE012A01025
NSE,ACCELYA,EQ,INE793A01012
NSE,ACCURACY,EQ,INE648Z01023
NSE,ACE,EQ,INE731H01025
NSE,ACEINTEG,EQ,INE543V01017
NSE,ACI,EQ,INE128X01021
NSE,ACL,EQ,INE666E01020
NSE,ACMESOLAR,EQ,INE622W01025
NSE,ACUTAAS,EQ,INE00FF01025
NSE,ADANIENSOL,EQ,INE931S01010
NSE,ADANIENT,EQ,INE423A01024
NSE,ADANIGREEN,EQ,INE364U01010
NSE,ADANIPORTS,EQ,INE742F01042
NSE,ADANIPOWER,EQ,INE814H01029
NSE,ADFFOODS,EQ,INE982B01027
NSE,ADL,EQ,INE0CHO01012
NSE,ADOR,EQ,INE045A01017
NSE,ADROITINFO,EQ,INE737B01033
NSE,ADSL,EQ,INE102I01027
NSE,ADVANCE,EQ,INE1B0W01010
NSE,ADVANIHOTR,EQ,INE199C01026
NSE,ADVENTHTL,EQ,INE28GN01010
NSE,ADVENZYMES,EQ,INE837H01020
NSE,AEGISLOG,EQ,INE208C01025
NSE,AEGISVOPAK,EQ,INE0INX01018
NSE,AEQUS,EQ,INE947N01017
NSE,AEROENTER,EQ,INE065D01027
NSE,AEROFLEX,EQ,INE024001021
NSE,AERONEU,EQ,INE035801013
NSE,AETHER,EQ,INE0BWX01014
NSE,AFCONS,EQ,INE101I01011
NSE,AFFLE,EQ,INE00WC01027
NSE,AFFORDABLE,EQ,INE692Z01013
NSE,AFIL,EQ,INE916Y01027
NSE,AFSL,EQ,INE00ZE01026
NSE,AGARIND,EQ,INE204E01012
NSE,AGARWALEYE,EQ,INE943P01029
NSE,AGI,EQ,INE415A01038
NSE,AGIIL,EQ,INE976R01033
NSE,AGRITECH,BE,INE449G01018
NSE,AGROPHOS,EQ,INE740V01019
NSE,AGSTRA,BZ,INE583L01014
NSE,AHCL,EQ,INE0Y8W01017
NSE,AHLADA,EQ,INE00PV01013
NSE,AHLEAST,EQ,INE926K01017
NSE,AHLUCONT,EQ,INE758C01029
NSE,AIAENG,EQ,INE212H01026
NSE,AIIL,EQ,INE206F01022
NSE,AIRAN,EQ,INE645W01026
NSE,AIROLAM,EQ,INE801L01010
NSE,AJANTPHARM,EQ,INE031B01049
NSE,AJAXENGG,EQ,INE274Y01021
NSE,AJMERA,EQ,INE298G01035
NSE,AJOONI,EQ,INE820Y01021
NSE,AKASH,EQ,INE737W01013
NSE,AKG,EQ,INE00Y801016
NSE,AKI,EQ,INE642Z01026
NSE,AKSHAR,EQ,INE256Z01025
NSE,AKSHARCHEM,EQ,INE542B01011
NSE,AKSHOPTFBR,EQ,INE523B01011
NSE,AKUMS,EQ,INE09XN01023
NSE,AKZOINDIA,EQ,INE133A01011
NSE,ALANKIT,EQ,INE914E01040
NSE,ALBERTDAVD,EQ,INE155C01010
NSE,ALEMBICLTD,EQ,INE426A01027
NSE,ALGOQUANT,EQ,INE598D01035
NSE,ALICON,EQ,INE062D01024
NSE,ALIVUS,EQ,INE03Q201024
NSE,ALKALI,EQ,INE773I01017
NSE,ALKEM,EQ,INE540L01014
NSE,ALKYLAMINE,EQ,INE150B01039
NSE,ALLCARGO,EQ,INE418H01029
NSE,ALLDIGI,EQ,INE835G01018
NSE,ALLTIME,EQ,INE0GV601021
NSE,ALMONDZ,EQ,INE326B01035
NSE,ALOKINDS,EQ,INE270A01029
NSE,ALPA,EQ,INE385I01010
NSE,ALPHAGEO,EQ,INE137C01018
NSE,AMANTA,EQ,INE084K01015
NSE,AMBER,EQ,INE371P01015
NSE,AMBICAAGAR,EQ,INE792B01012
NSE,AMBIKCO,EQ,INE540G01014
NSE,AMBUJACEM,EQ,INE079A01024
NSE,AMDIND,EQ,INE005I01014
NSE,AMJLAND,EQ,INE606A01024
NSE,AMNPLST,EQ,INE275D01022
NSE,AMRUTANJAN,EQ,INE098F01031
NSE,ANANDRATHI,EQ,INE463V01026
NSE,ANANTRAJ,EQ,INE242C01024
NSE,ANDHRAPAP,EQ,INE435A01051
NSE,ANDHRSUGAR,EQ,INE715B01021
NSE,ANGELONE,EQ,INE732I01013
NSE,ANIKINDS,EQ,INE087B01017
NSE,ANKITMETAL,BZ,INE106I01010
NSE,ANMOL,EQ,INE02AR01019
NSE,ANSALAPI,BZ,INE436A01026
NSE,ANTELOPUS,EQ,INE818A01017
NSE,ANTGRAPHIC,EQ,INE414B01021
NSE,ANTHEM,EQ,INE0CZ201020
NSE,ANUHPHR,EQ,INE489G01022
NSE,ANUP,EQ,INE294Z01018
NSE,ANURAS,EQ,INE930P01018
NSE,APARINDS,EQ,INE372A01015
NSE,APCL,EQ,INE071F01012
NSE,APCOTEXIND,EQ,INE116A01032
NSE,APEX,EQ,INE346W01013
NSE,APLAPOLLO,EQ,INE702C01027
NSE,APLLTD,EQ,INE901L01018
NSE,APOLLO,EQ,INE713T01028
NSE,APOLLOHOSP,EQ,INE437A01024
NSE,APOLLOPIPE,EQ,INE126J01016
NSE,APOLLOTYRE,EQ,INE438A01022
NSE,APOLSINHOT,EQ,INE451F01024
NSE,APTECHT,EQ,INE266F01018
NSE,APTUS,EQ,INE852O01025
NSE,ARCHIDPLY,EQ,INE877I01016
NSE,ARCHIES,EQ,INE731A01020
NSE,ARE&M,EQ,INE885A01032
NSE,ARENTERP,EQ,INE610C01014
NSE,ARFIN,EQ,INE784R01023
NSE,ARIES,EQ,INE298I01015
NSE,ARIHANTCAP,EQ,INE420B01036
NSE,ARIHANTSUP,EQ,INE643K01018
NSE,ARISINFRA,EQ,INE0H9P01028
NSE,ARKADE,EQ,INE0QRL01017
NSE,ARMANFIN,EQ,INE109C01017
NSE,AROGRANITE,EQ,INE210C01013
NSE,ARROWGREEN,EQ,INE570D01018
NSE,ARSHIYA,BZ,INE968D01022
NSE,ARSSBL,EQ,INE549H01021
NSE,ARTEMISMED,EQ,INE025R01021
NSE,ARTNIRMAN,EQ,INE738V01013
NSE,ARVEE,BE,INE006Z01016
NSE,ARVIND,EQ,INE034A01011
NSE,ARVINDFASN,EQ,INE955V01021
NSE,ARVSMART,EQ,INE034S01021
NSE,ASAHIINDIA,EQ,INE439A01020
NSE,ASAHISONG,EQ,INE228I01012
NSE,ASAL,EQ,INE900C01027
NSE,ASALCBR,EQ,INE073G01016
NSE,ASHAPURMIN,EQ,INE348A01023
NSE,ASHIANA,EQ,INE365D01021
NSE,ASHIMASYN,EQ,INE440A01010
NSE,ASHOKA,EQ,INE442H01029
NSE,ASHOKAMET,EQ,INE760Y01011
NSE,ASHOKLEY,EQ,INE208A01029
NSE,ASIANENE,EQ,INE276G01015
NSE,ASIANHOTNR,EQ,INE363A01022
NSE,ASIANPAINT,EQ,INE021A01026
NSE,ASIANTILES,EQ,INE022I01019
NSE,ASKAUTOLTD,EQ,INE491J01022
NSE,ASMS,EQ,INE855F01042
NSE,ASPINWALL,EQ,INE991I01015
NSE,ASTEC,EQ,INE563J01010
NSE,ASTERDM,EQ,INE914M01019
NSE,ASTRAL,EQ,INE006I01046
NSE,ASTRAMICRO,EQ,INE386C01029
NSE,ASTRAZEN,EQ,INE203A01020
NSE,ASTRON,EQ,INE646X01014
NSE,ATALREAL,EQ,INE0ALR01029
NSE,ATAM,EQ,INE09KD01013
NSE,ATGL,EQ,INE399L01023
NSE,ATHERENERG,EQ,INE0LEZ01016
NSE,ATL,EQ,INE0NN701020
NSE,ATLANTAA,EQ,INE285H01022
NSE,ATLANTAELE,EQ,INE0Z4F01028
NSE,ATLASCYCLE,EQ,INE446A01025
NSE,ATUL,EQ,INE100A01010
NSE,ATULAUTO,EQ,INE951D01028
NSE,AUBANK,EQ,INE949L01017
NSE,AURIGROW,BE,INE925Y01036
NSE,AURIONPRO,EQ,INE132H01018
NSE,AUROPHARMA,EQ,INE406A01037
NSE,AURUM,EQ,INE898S01029
NSE,AUSOMENT,EQ,INE218C01016
NSE,AUTOAXLES,EQ,INE449A01011
NSE,AUTOIND,EQ,INE718H01014
NSE,AVADHSUGAR,EQ,INE349W01017
NSE,AVALON,EQ,INE0LCL01028
NSE,AVANTEL,EQ,INE005B01027
NSE,AVANTIFEED,EQ,INE871C01038
NSE,AVG,EQ,INE680Z01018
NSE,AVL,EQ,INE679V01027
NSE,AVONMORE,EQ,INE323B01024
NSE,AVROIND,EQ,INE652Z01017
NSE,AVTNPL,EQ,INE488D01021
NSE,AWFIS,EQ,INE108V01019
NSE,AWHCL,EQ,INE01BK01022
NSE,AWL,EQ,INE699H01024
NSE,AXISBANK,EQ,INE238A01034
NSE,AXISCADES,EQ,INE555B01013
NSE,AXITA,BE,INE02EZ01022
NSE,AYMSYNTEX,EQ,INE193B01039
NSE,AZAD,EQ,INE02IJ01035
NSE,BAFNAPH,BE,INE878I01022
NSE,BAGFILMS,EQ,INE116D01028
NSE,BAIDFIN,EQ,INE020D01022
NSE,BAJAJ-AUTO,EQ,INE917I01010
NSE,BAJAJCON,EQ,INE933K01021
NSE,BAJAJELEC,EQ,INE193E01025
NSE,BAJAJFINSV,EQ,INE918I01026
NSE,BAJAJHCARE,EQ,INE411U01027
NSE,BAJAJHFL,EQ,INE377Y01014
NSE,BAJAJHIND,EQ,INE306A01021
NSE,BAJAJHLDNG,EQ,INE118A01012
NSE,BAJAJINDEF,EQ,INE0O9T01021
NSE,BAJEL,EQ,INE0KQN01018
NSE,BAJFINANCE,EQ,INE296A01032
NSE,BALAJEE,EQ,INE0S2G01011
NSE,BALAJITELE,EQ,INE794B01026
NSE,BALAMINES,EQ,INE050E01027
NSE,BALAXI,EQ,INE618N01022
NSE,BALKRISHNA,EQ,INE875R01011
NSE,BALKRISIND,EQ,INE787D01026
NSE,BALMLAWRIE,EQ,INE164A01016
NSE,BALPHARMA,EQ,INE083D01012
NSE,BALRAMCHIN,EQ,INE119A01028
NSE,BALUFORGE,EQ,INE011E01029
NSE,BANARBEADS,EQ,INE655B01011
NSE,BANARISUG,EQ,INE459A01010
NSE,BANCOINDIA,EQ,INE213C01025
NSE,BANDHANBNK,EQ,INE545U01014
NSE,BANG,EQ,INE863I01016
NSE,BANKA,EQ,INE862Y01015
NSE,BANKBARODA,EQ,INE028A01039
NSE,BANKINDIA,EQ,INE084A01016
NSE,BANSALWIRE,EQ,INE0B9K01025
NSE,BANSWRAS,EQ,INE629D01020
NSE,BASF,EQ,INE373A01013
NSE,BASML,EQ,INE186H01022
NSE,BATAINDIA,EQ,INE176A01028
NSE,BAYERCROP,EQ,INE462A01022
NSE,BBL,EQ,INE464A01036
NSE,BBOX,EQ,INE676A01027
NSE,BBTC,EQ,INE050A01025
NSE,BBTCL,EQ,INE01EE01011
NSE,BCG,EQ,INE425B01027
NSE,BCLIND,EQ,INE412G01024
NSE,BCONCEPTS,EQ,INE977Y01011
NSE,BDL,EQ,INE171Z01026
NSE,BEARDSELL,EQ,INE520H01022
NSE,BECTORFOOD,EQ,INE495P01020
NSE,BEDMUTHA,EQ,INE844K01012
NSE,BEL,EQ,INE263A01024
NSE,BELLACASA,EQ,INE344T01014
NSE,BELRISE,EQ,INE894V01022
NSE,BEML,EQ,INE258A01024
NSE,BEPL,EQ,INE922A01025
NSE,BERGEPAINT,EQ,INE463A01038
NSE,BESTAGRO,EQ,INE052T01021
NSE,BETA,EQ,INE351Y01019
NSE,BFINVEST,EQ,INE878K01010
NSE,BFUTILITIE,BZ,INE243D01012
NSE,BGRENERGY,EQ,INE661I01014
NSE,BHAGCHEM,EQ,INE414D01027
NSE,BHAGERIA,EQ,INE354C01027
NSE,BHAGYANGR,BE,INE458B01036
NSE,BHANDARI,EQ,INE474E01029
NSE,BHARATFORG,EQ,INE465A01025
NSE,BHARATGEAR,EQ,INE561C01019
NSE,BHARATRAS,EQ,INE838B01021
NSE,BHARATSE,EQ,INE415D01024
NSE,BHARATWIRE,EQ,INE316L01019
NSE,BHARTIARTL,EQ,INE397D01024
NSE,BHARTIHEXA,EQ,INE343G01021
NSE,BHEL,EQ,INE257A01026
NSE,BIGBLOC,EQ,INE412U01025
NSE,BIKAJI,EQ,INE00E101023
NSE,BIL,EQ,INE828A01016
NSE,BILVYAPAR,BE,INE071A01013
NSE,BIOCON,EQ,INE376G01013
NSE,BIOFILCHEM,EQ,INE829A01014
NSE,BIRLACABLE,EQ,INE800A01015
NSE,BIRLACORPN,EQ,INE340A01012
NSE,BIRLAMONEY,EQ,INE865C01022
NSE,BIRLANU,EQ,INE557A01011
NSE,BLACKBUCK,EQ,INE0UIZ01018
NSE,BLAL,EQ,INE0N7W01012
NSE,BLBLIMITED,EQ,INE791A01024
NSE,BLISSGVS,EQ,INE416D01022
NSE,BLKASHYAP,EQ,INE350H01032
NSE,BLS,EQ,INE153T01027
NSE,BLSE,EQ,INE0NLT01010
NSE,BLUECHIP,BE,INE657B01025
NSE,BLUECOAST,EQ,INE472B01011
NSE,BLUEDART,EQ,INE233B01017
NSE,BLUEJET,EQ,INE0KBH01020
NSE,BLUESTARCO,EQ,INE472A01039
NSE,BLUESTONE,EQ,INE304W01038
NSE,BLUSPRING,EQ,INE0U4101014
NSE,BMWVENTLTD,EQ,INE965W01036
NSE,BODALCHEM,EQ,INE338D01028
NSE,BOHRAIND,EQ,INE802W01023
NSE,BOMDYEING,EQ,INE032A01023
NSE,BORANA,BE,INE16SF01016
NSE,BOROLTD,EQ,INE02PY01013
NSE,BORORENEW,EQ,INE666D01022
NSE,BOROSCI,EQ,INE02L001032
NSE,BOSCH-HCIL,EQ,INE782A01015
NSE,BOSCHLTD,EQ,INE323A01026
NSE,BPCL,EQ,INE029A01011
NSE,BPL,EQ,INE110A01019
NSE,BRIGADE,EQ,INE791I01019
NSE,BRIGHOTEL,EQ,INE03NU01014
NSE,BRITANNIA,EQ,INE216A01030
NSE,BRNL,EQ,INE727S01012
NSE,BROOKS,EQ,INE650L01011
NSE,BSE,EQ,INE118H01025
NSE,BSHSL,EQ,INE032Z01020
NSE,BSL,EQ,INE594B01012
NSE,BSOFT,EQ,INE836A01035
NSE,BTML,EQ,INE0EEJ01023
NSE,BUILDPRO,BE,INE24OJ01011
NSE,BUTTERFLY,EQ,INE295F01017
NSE,BVCL,EQ,INE139I01011
NSE,BYKE,EQ,INE319B01014
NSE,CALSOFT,EQ,INE526B01014
NSE,CAMLINFINE,EQ,INE052I01032
NSE,CAMPUS,EQ,INE278Y01022
NSE,CAMS,EQ,INE596I01020
NSE,CANBK,EQ,INE476A01022
NSE,CANFINHOME,EQ,INE477A01020
NSE,CANHLIFE,EQ,INE01TY01017
NSE,CANTABIL,EQ,INE068L01024
NSE,CAPACITE,EQ,INE264T01014
NSE,CAPILLARY,EQ,INE0ILV01024
NSE,CAPITALSFB,EQ,INE646H01017
NSE,CAPLIPOINT,EQ,INE475E01026
NSE,CAPTRUST,EQ,INE707C01018
NSE,CARBORUNIV,EQ,INE120A01034
NSE,CARERATING,EQ,INE752H01013
NSE,CARRARO,EQ,INE0V7W01012
NSE,CARTRADE,EQ,INE290S01011
NSE,CARYSIL,EQ,INE482D01024
NSE,CASTROLIND,EQ,INE172A01027
NSE,CCCL,BE,INE429I01024
NSE,CCHHL,EQ,INE652F01027
NSE,CCL,EQ,INE421D01022
NSE,CDSL,EQ,INE736A01011
NSE,CEATLTD,EQ,INE482A01020
NSE,CEIGALL,EQ,INE0AG901020
NSE,CELEBRITY,EQ,INE185H01016
NSE,CELLO,EQ,INE0LMW01024
NSE,CEMPRO,EQ,INE686A01026
NSE,CENTENKA,EQ,INE485A01015
NSE,CENTEXT,BE,INE281A01026
NSE,CENTRALBK,EQ,INE483A01010
NSE,CENTRUM,EQ,INE660C01027
NSE,CENTUM,EQ,INE320B01020
NSE,CENTURYPLY,EQ,INE348B01021
NSE,CERA,EQ,INE739E01017
NSE,CEREBRAINT,BZ,INE345B01019
NSE,CESC,EQ,INE486A01021
NSE,CEWATER,EQ,INE037Z01029
NSE,CGCL,EQ,INE180C01042
NSE,CGPOWER,EQ,INE067A01029
NSE,CHALET,EQ,INE427F01016
NSE,CHAMBLFERT,EQ,INE085A01013
NSE,CHEMBOND,EQ,INE995D01025
NSE,CHEMBONDCH,EQ,INE0TGX01019
NSE,CHEMCON,EQ,INE03YM01018
NSE,CHEMFAB,EQ,INE783X01023
NSE,CHEMPLASTS,EQ,INE488A01050
NSE,CHENNPETRO,EQ,INE178A01016
NSE,CHEVIOT,EQ,INE974B01016
NSE,CHOICEIN,EQ,INE102B01014
NSE,CHOLAFIN,EQ,INE121A01024
NSE,CHOLAHLDNG,EQ,INE149A01033
NSE,CIEINDIA,EQ,INE536H01010
NSE,CIFL,EQ,INE345H01024
NSE,CIGNITITEC,EQ,INE675C01017
NSE,CINELINE,EQ,INE704H01022
NSE,CINEVISTA,EQ,INE039B01026
NSE,CIPLA,EQ,INE059A01026
NSE,CLEAN,EQ,INE227W01023
NSE,CLEDUCATE,EQ,INE201M01029
NSE,CLSEL,EQ,INE419D01026
NSE,CMSINFO,EQ,INE925R01014
NSE,CNL,EQ,INE985W01018
NSE,COALINDIA,EQ,INE522F01014
NSE,COASTCORP,BE,INE377E01024
NSE,COCHINSHIP,EQ,INE704P01025
NSE,COFFEEDAY,EQ,INE335K01011
NSE,COFORGE,EQ,INE591G01025
NSE,COHANCE,EQ,INE03QK01018
NSE,COLPAL,EQ,INE259A01022
NSE,COMPINFO,BZ,INE070C01037
NSE,COMPUSOFT,EQ,INE453B01029
NSE,COMSYN,BE,INE073V01015
NSE,CONCOR,EQ,INE111A01025
NSE,CONCORDBIO,EQ,INE338H01029
NSE,CONFIPET,EQ,INE552D01024
NSE,CONSOFINVT,EQ,INE025A01027
NSE,CONTROLPR,EQ,INE663B01015
NSE,CORALFINAC,EQ,INE558D01021
NSE,CORDSCABLE,EQ,INE792I01017
NSE,COROMANDEL,EQ,INE169A01031
NSE,CORONA,EQ,INE02ZQ01018
NSE,COSMOFIRST,EQ,INE757A01017
NSE,COUNCODOS,EQ,INE695B01025
NSE,CPCAP,EQ,INE521J01018
NSE,CPEDU,EQ,INE0P6P01016
NSE,CPPLUS,EQ,INE819V01029
NSE,CRAFTSMAN,EQ,INE00LO01017
NSE,CRAMC,EQ,INE218I01013
NSE,CREATIVEYE,EQ,INE230B01021
NSE,CREDITACC,EQ,INE741K01010
NSE,CREST,EQ,INE559D01011
NSE,CRISIL,EQ,INE007A01025
NSE,CRIZAC,EQ,INE0S4R01014
NSE,CROMPTON,EQ,INE299U01018
NSE,CROWN,EQ,INE491V01019
NSE,CSBBANK,EQ,INE679A01013
NSE,CSLFINANCE,EQ,INE718F01018
NSE,CTE,EQ,INE627H01017
NSE,CUB,EQ,INE491A01021
NSE,CUBEXTUB,EQ,INE144D01012
NSE,CUMMINSIND,EQ,INE298A01020
NSE,CUPID,EQ,INE509F01029
NSE,CURAA,BE,INE117B01020
NSE,CYBERMEDIA,EQ,INE278G01037
NSE,CYBERTECH,EQ,INE214A01019
NSE,CYIENT,EQ,INE136B01020
NSE,CYIENTDLM,EQ,INE055S01018
NSE,DABUR,EQ,INE016A01026
NSE,DALBHARAT,EQ,INE00R701025
NSE,DALMIASUG,EQ,INE495A01022
NSE,DAMCAPITAL,EQ,INE284H01025
NSE,DAMODARIND,EQ,INE497D01022
NSE,DANGEE,EQ,INE688Y01022
NSE,DATAMATICS,EQ,INE365B01017
NSE,DATAPATTNS,EQ,INE0IX101010
NSE,DAVANGERE,EQ,INE179G01029
NSE,DBCORP,EQ,INE950I01011
NSE,DBEIL,EQ,INE0OPA01019
NSE,DBL,EQ,INE917M01012
NSE,DBOL,EQ,INE0I3401014
NSE,DBREALTY,EQ,INE879I01012
NSE,DBSTOCKBRO,EQ,INE921B01025
NSE,DCAL,EQ,INE385W01011
NSE,DCBBANK,EQ,INE503A01015
NSE,DCI,EQ,INE0A1101019
NSE,DCM,EQ,INE498A01018
NSE,DCMFINSERV,EQ,INE891B01012
NSE,DCMNVL,EQ,INE08KP01019
NSE,DCMSHRIRAM,EQ,INE499A01024
NSE,DCMSRIND,EQ,INE843D01027
NSE,DCW,EQ,INE500A01029
NSE,DCXINDIA,EQ,INE0KL801015
NSE,DDEVPLSTIK,EQ,INE0HR601026
NSE,DECCANCE,EQ,INE583C01021
NSE,DEEDEV,EQ,INE841L01016
NSE,DEEPAKFERT,EQ,INE501A01019
NSE,DEEPAKNTR,EQ,INE288B01029
NSE,DEEPINDS,EQ,INE0FHS01024
NSE,DELHIVERY,EQ,INE148O01028
NSE,DELPHIFX,EQ,INE726L01019
NSE,DELTACORP,EQ,INE124G01033
NSE,DELTAMAGNT,EQ,INE393A01011
NSE,DEN,EQ,INE947J01015
NSE,DENORA,EQ,INE244A01016
NSE,DENTA,EQ,INE0R4L01018
NSE,DEVIT,EQ,INE060X01034
NSE,DEVX,EQ,INE0VOV01021
NSE,DEVYANI,EQ,INE872J01023
NSE,DGCONTENT,EQ,INE03JI01017
NSE,DHAMPURSUG,EQ,INE041A01016
NSE,DHANBANK,EQ,INE680A01011
NSE,DHANUKA,EQ,INE435G01025
NSE,DHARAN,BZ,INE278R01034
NSE,DHARMAJ,EQ,INE00OQ01016
NSE,DHRUV,EQ,INE506Z01015
NSE,DHUNINV,EQ,INE320L01011
NSE,DIACABS,EQ,INE989C01038
NSE,DIAMINESQ,EQ,INE591D01014
NSE,DIAMONDYD,EQ,INE393P01035
NSE,DICIND,EQ,INE303A01010
NSE,DIFFNKG,EQ,INE184O01015
NSE,DIGIDRIVE,EQ,INE0PSC01024
NSE,DIGISPICE,EQ,INE927C01020
NSE,DIGITIDE,EQ,INE0U4701011
NSE,DIGJAMLMTD,EQ,INE731U01028
NSE,DIL,BZ,INE411Y01011
NSE,DISHTV,EQ,INE836F01026
NSE,DIVGIITTS,EQ,INE753U01022
NSE,DIVISLAB,EQ,INE361B01024
NSE,DIXON,EQ,INE935N01020
NSE,DJML,EQ,INE0B1K01014
NSE,DLF,EQ,INE271C01023
NSE,DLINKINDIA,EQ,INE250K01012
NSE,DMART,EQ,INE192R01011
NSE,DMCC,EQ,INE505A01010
NSE,DNAMEDIA,EQ,INE016M01021
NSE,DODLA,EQ,INE021O01019
NSE,DOLATALGO,EQ,INE966A01022
NSE,DOLLAR,EQ,INE325C01035
NSE,DOLPHIN,EQ,INE920A01037
NSE,DOMS,EQ,INE321T01012
NSE,DONEAR,EQ,INE668D01028
NSE,DPABHUSHAN,EQ,INE266Y01019
NSE,DPSCLTD,EQ,INE360C01024
NSE,DPWIRES,EQ,INE864X01013
NSE,DRCSYSTEMS,EQ,INE03RS01027
NSE,DREAMFOLKS,EQ,INE0JS101016
NSE,DREDGECORP,EQ,INE506A01018
NSE,DRREDDY,EQ,INE089A01031
NSE,DSSL,EQ,INE417B01040
NSE,DTIL,EQ,INE341R01014
NSE,DUCON,EQ,INE741L01018
NSE,DVL,EQ,INE477B01010
NSE,DWARKESH,EQ,INE366A01041
NSE,DYCL,EQ,INE600Y01019
NSE,DYNAMATECH,EQ,INE221B01012
NSE,DYNPRO,EQ,INE256H01015
NSE,E2E,EQ,INE255Z01019
NSE,EASEMYTRIP,EQ,INE07O001026
NSE,EBGNG,EQ,INE18JU01028
NSE,ECLERX,EQ,INE738I01010
NSE,ECOSMOBLTY,EQ,INE06HJ01020
NSE,EDELWEISS,EQ,INE532F01054
NSE,EFCIL,EQ,INE886D01026
NSE,EICHERMOT,EQ,INE066A01021
NSE,EIDPARRY,EQ,INE126A01031
NSE,EIEL,EQ,INE0LLY01014
NSE,EIFFL,EQ,INE546V01010
NSE,EIHAHOTELS,EQ,INE276C01014
NSE,EIHOTEL,EQ,INE230A01023
NSE,EIMCOELECO,EQ,INE158B01016
NSE,EKC,EQ,INE184H01027
NSE,ELDEHSG,EQ,INE668G01021
NSE,ELECON,EQ,INE205B01031
NSE,ELECTCAST,EQ,INE086A01029
NSE,ELECTHERM,EQ,INE822G01016
NSE,ELGIEQUIP,EQ,INE285A01027
NSE,ELGIRUBCO,EQ,INE819L01012
NSE,ELIN,EQ,INE050401020
NSE,ELLEN,EQ,INE236E01022
NSE,EMAMILTD,EQ,INE548C01032
NSE,EMAMIPAP,EQ,INE830C01026
NSE,EMAMIREAL,EQ,INE778K01012
NSE,EMBDL,BE,INE069I01010
NSE,EMCURE,EQ,INE168P01015
NSE,EMIL,EQ,INE02YR01019
NSE,EMKAY,EQ,INE296H01011
NSE,EMMBI,EQ,INE753K01015
NSE,EMMVEE,EQ,INE1C6T01020
NSE,EMSLIMITED,EQ,INE0OV601013
NSE,EMUDHRA,EQ,INE01QM01018
NSE,ENDURANCE,EQ,INE913H01037
NSE,ENERGYDEV,BE,INE306C01019
NSE,ENGINERSIN,EQ,INE510A01028
NSE,ENIL,EQ,INE265F01028
NSE,ENRIN,EQ,INE1NPP01017
NSE,ENTERO,EQ,INE010601016
NSE,EPACK,EQ,INE0G5901015
NSE,EPACKPEB,EQ,INE0MLS01022
NSE,EPIGRAL,EQ,INE071N01016
NSE,EPL,EQ,INE255A01020
NSE,EQUIPPP,BE,INE217G01035
NSE,EQUITASBNK,EQ,INE063P01018
NSE,ERIS,EQ,INE406M01024
NSE,ESABINDIA,EQ,INE284A01012
NSE,ESAFSFB,EQ,INE818W01011
NSE,ESCORTS,EQ,INE042A01014
NSE,ESSARSHPNG,BE,INE122M01019
NSE,ESSENTIA,EQ,INE418N01035
NSE,ESTER,EQ,INE778B01029
NSE,ETERNAL,EQ,INE758T01015
NSE,ETHOSLTD,EQ,INE04TZ01018
NSE,EUREKAFORB,EQ,INE0KCE01017
NSE,EUROBOND,EQ,INE505V01016
NSE,EUROPRATIK,EQ,INE198501012
NSE,EUROTEXIND,BE,INE022C01012
NSE,EVEREADY,EQ,INE128A01029
NSE,EVERESTIND,EQ,INE295A01018
NSE,EXCEL,EQ,INE688J01023
NSE,EXCELINDUS,EQ,INE369A01029
NSE,EXCELSOFT,EQ,INE606N01019
NSE,EXICOM,EQ,INE777F01014
NSE,EXIDEIND,EQ,INE302A01020
NSE,EXPLEOSOL,EQ,INE201K01015
NSE,EXXARO,BE,INE0GFE01026
NSE,FABTECH,EQ,INE0HF201011
NSE,FACT,EQ,INE188A01015
NSE,FAIRCHEMOR,EQ,INE0DNW01011
NSE,FAZE3Q,EQ,INE963C01033
NSE,FCL,EQ,INE045J01034
NSE,FCSSOFT,EQ,INE512B01022
NSE,FDC,EQ,INE258B01022
NSE,FEDERALBNK,EQ,INE171A01029
NSE,FEDFINA,EQ,INE007N01010
NSE,FEL,BZ,INE623B01027
NSE,FELDVR,BZ,IN9623B01058
NSE,FIBERWEB,EQ,INE296C01020
NSE,FIEMIND,EQ,INE737H01014
NSE,FILATEX,EQ,INE816B01035
NSE,FILATFASH,EQ,INE185E01021
NSE,FINCABLES,EQ,INE235A01022
NSE,FINEORG,EQ,INE686Y01026
NSE,FINKURVE,EQ,INE734I01027
NSE,FINOPB,EQ,INE02NC01014
NSE,FINPIPE,EQ,INE183A01024
NSE,FIRSTCRY,EQ,INE02RE01045
NSE,FISCHER,EQ,INE771F01041
NSE,FIVESTAR,EQ,INE128S01021
NSE,FLAIR,EQ,INE00Y201027
NSE,FLEXITUFF,EQ,INE060J01017
NSE,FLFL,BZ,INE452O01016
NSE,FLUOROCHEM,EQ,INE09N301011
NSE,FMGOETZE,EQ,INE529A01010
NSE,FMNL,EQ,INE360L01017
NSE,FOCUS,EQ,INE593W01028
NSE,FOODSIN,EQ,INE976E01023
NSE,FORCEMOT,EQ,INE451A01017
NSE,FORTIS,EQ,INE061F01013
NSE,FOSECOIND,EQ,INE519A01011
NSE,FSL,EQ,INE684F01012
NSE,FUSION,EQ,INE139R01012
NSE,GABRIEL,EQ,INE524A01029
NSE,GAEL,EQ,INE036B01030
NSE,GAIL,EQ,INE129A01019
NSE,GALAPREC,EQ,INE0RE001014
NSE,GALAXYSURF,EQ,INE600K01018
NSE,GALLANTT,EQ,INE297H01019
NSE,GANDHAR,EQ,INE717W01049
NSE,GANDHITUBE,EQ,INE524B01027
NSE,GANECOS,EQ,INE845D01014
NSE,GANESHBE,EQ,INE388A01029
NSE,GANESHCP,EQ,INE652V01016
NSE,GANESHHOU,EQ,INE460C01014
NSE,GANGAFORGE,EQ,INE691Z01023
NSE,GANGESSECU,EQ,INE335W01016
NSE,GARFIBRES,EQ,INE276A01018
NSE,GARUDA,EQ,INE0JVO01026
NSE,GATECH,EQ,INE224E01028
NSE,GATECHDVR,EQ,INE224E01036
NSE,GATEWAY,EQ,INE079J01017
NSE,GAYAHWS,BE,INE287Z01012
NSE,GCSL,BE,INE199P01028
NSE,GEECEE,EQ,INE916G01016
NSE,GEEKAYWIRE,EQ,INE669X01032
NSE,GEMAROMA,EQ,INE06XZ01023
NSE,GENCON,EQ,INE854S01022
NSE,GENESYS,EQ,INE727B01026
NSE,GENSOL,BZ,INE06H201014
NSE,GENUSPAPER,EQ,INE949P01018
NSE,GENUSPOWER,EQ,INE955D01029
NSE,GEOJITFSL,EQ,INE007B01023
NSE,GESHIP,EQ,INE017A01032
NSE,GFLLIMITED,EQ,INE538A01037
NSE,GHCL,EQ,INE539A01019
NSE,GHCLTEXTIL,EQ,INE0PA801013
NSE,GICHSGFIN,EQ,INE289B01019
NSE,GICRE,EQ,INE481Y01014
NSE,GILLANDERS,EQ,INE047B01011
NSE,GILLETTE,EQ,INE322A01010
NSE,GINNIFILA,EQ,INE424C01010
NSE,GIPCL,EQ,INE162A01010
NSE,GKENERGY,EQ,INE1AG301022
NSE,GKSL,EQ,INE0V0W01025
NSE,GKWLIMITED,EQ,INE528A01020
NSE,GLAND,EQ,INE068V01023
NSE,GLAXO,EQ,INE159A01016
NSE,GLENMARK,EQ,INE935A01035
NSE,GLFL,BE,INE540A01017
NSE,GLOBAL,BE,INE291W01037
NSE,GLOBALE,EQ,INE0URU01010
NSE,GLOBALVECT,EQ,INE792H01019
NSE,GLOBE,EQ,INE581X01021
NSE,GLOBECIVIL,EQ,INE0V3U01015
NSE,GLOBUSSPR,EQ,INE615I01010
NSE,GLOSTERLTD,EQ,INE350Z01018
NSE,GLOTTIS,EQ,INE0TQE01026
NSE,GMBREW,EQ,INE075D01018
NSE,GMDCLTD,EQ,INE131A01031
NSE,GMMPFAUDLR,EQ,INE541A01023
NSE,GMRAIRPORT,EQ,INE776C01039
NSE,GMRP&UI,EQ,INE0CU601026
NSE,GNA,EQ,INE934S01014
NSE,GNFC,EQ,INE113A01013
NSE,GOACARBON,EQ,INE426D01013
NSE,GOCLCORP,EQ,INE077F01035
NSE,GOCOLORS,EQ,INE0BJS01011
NSE,GODAVARIB,EQ,INE497S01012
NSE,GODFRYPHLP,EQ,INE260B01028
NSE,GODIGIT,EQ,INE03JT01014
NSE,GODREJAGRO,EQ,INE850D01014
NSE,GODREJCP,EQ,INE102D01028
NSE,GODREJIND,EQ,INE233A01035
NSE,GODREJPROP,EQ,INE484J01027
NSE,GOKEX,EQ,INE887G01027
NSE,GOKUL,EQ,INE020J01029
NSE,GOKULAGRO,EQ,INE314T01033
NSE,GOLDENTOBC,BZ,INE973A01010
NSE,GOLDIAM,EQ,INE025B01025
NSE,GOLDTECH,EQ,INE805A01014
NSE,GOODLUCK,EQ,INE127I01024
NSE,GOPAL,EQ,INE0L9R01028
NSE,GOYALALUM,BE,INE705X01026
NSE,GPIL,EQ,INE177H01039
NSE,GPPL,EQ,INE517F01014
NSE,GPTHEALTH,EQ,INE486R01017
NSE,GPTINFRA,EQ,INE390G01014
NSE,GRANULES,EQ,INE101D01020
NSE,GRAPHITE,EQ,INE371A01025
NSE,GRASIM,EQ,INE047A01021
NSE,GRAVITA,EQ,INE024L01027
NSE,GREAVESCOT,EQ,INE224A01026
NSE,GREENLAM,EQ,INE544R01021
NSE,GREENPANEL,EQ,INE08ZM01014
NSE,GREENPLY,EQ,INE461C01038
NSE,GREENPOWER,EQ,INE999K01014
NSE,GRINDWELL,EQ,INE536A01023
NSE,GRINFRA,EQ,INE201P01022
NSE,GRMOVER,EQ,INE192H01020
NSE,GROBTEA,EQ,INE646C01018
NSE,GROWW,EQ,INE0HOQ01053
NSE,GRPLTD,EQ,INE137I01015
NSE,GRSE,EQ,INE382Z01011
NSE,GRWRHITECH,EQ,INE291A01017
NSE,GSFC,EQ,INE026A01025
NSE,GSLSU,BE,INE0JSX01015
NSE,GSPL,EQ,INE246F01010
NSE,GSS,EQ,INE871H01011
NSE,GTECJAINX,EQ,INE586X01012
NSE,GTL,EQ,INE043A01012
NSE,GTLINFRA,EQ,INE221H01019
NSE,GTPL,EQ,INE869I01013
NSE,GUFICBIO,EQ,INE742B01025
NSE,GUJALKALI,EQ,INE186A01019
NSE,GUJAPOLLO,EQ,INE826C01016
NSE,GUJGASLTD,EQ,INE844O01030
NSE,GUJRAFFIA,BE,INE610B01024
NSE,GUJTHEM,EQ,INE942C01045
NSE,GULFOILLUB,EQ,INE635Q01029
NSE,GULFPETRO,EQ,INE586G01017
NSE,GULPOLY,EQ,INE255D01024
NSE,GVKPIL,BE,INE251H01024
NSE,GVPIL,EQ,INE878A01011
NSE,GVPTECH,EQ,INE382T01030
NSE,GVT&D,EQ,INE200A01026
NSE,HAL,EQ,INE066F01020
NSE,HALDER,EQ,INE115S01010
NSE,HALEOSLABS,BE,INE320X01016
NSE,HAPPSTMNDS,EQ,INE419U01012
NSE,HAPPYFORGE,EQ,INE330T01021
NSE,HARDWYN,BE,INE626Z01029
NSE,HARIOMPIPE,EQ,INE00EV01017
NSE,HARRMALAYA,EQ,INE544A01019
NSE,HARSHA,EQ,INE0JUS01029
NSE,HATHWAY,EQ,INE982F01036
NSE,HATSUN,EQ,INE473B01035
NSE,HAVELLS,EQ,INE176B01034
NSE,HAVISHA,EQ,INE293B01029
NSE,HBLENGINE,EQ,INE292B01021
NSE,HBSL,BE,INE550B01022
NSE,HCC,EQ,INE549A01026
NSE,HCG,EQ,INE075I01017
NSE,HCL-INSYS,EQ,INE236A01020
NSE,HCLTECH,EQ,INE860A01027
NSE,HDBFS,EQ,INE756I01012
NSE,HDFCAMC,EQ,INE127D01025
NSE,HDFCBANK,EQ,INE040A01034
NSE,HDFCLIFE,EQ,INE795G01014
NSE,HDIL,BZ,INE191I01012
NSE,HEADSUP,EQ,INE759V01019
NSE,HECPROJECT,EQ,INE558R01013
NSE,HEG,EQ,INE545A01024
NSE,HEIDELBERG,EQ,INE578A01017
NSE,HEMIPROP,EQ,INE0AJG01018
NSE,HERANBA,EQ,INE694N01015
NSE,HERITGFOOD,EQ,INE978A01027
NSE,HEROMOTOCO,EQ,INE158A01026
NSE,HESTERBIO,EQ,INE782E01017
NSE,HEUBACHIND,EQ,INE492A01029
NSE,HEXATRADEX,EQ,INE750M01017
NSE,HEXT,EQ,INE093A01041
NSE,HFCL,EQ,INE548A01028
NSE,HGINFRA,EQ,INE926X01010
NSE,HGM,EQ,INE596H01014
NSE,HGS,EQ,INE170I01016
NSE,HIKAL,EQ,INE475B01022
NSE,HILINFRA,EQ,INE00RL01028
NSE,HILTON,EQ,INE788H01017
NSE,HIMATSEIDE,EQ,INE049A01027
NSE,HINDALCO,EQ,INE038A01020
NSE,HINDCOMPOS,EQ,INE310C01029
NSE,HINDCON,EQ,INE642Y01029
NSE,HINDCOPPER,EQ,INE531E01026
NSE,HINDOILEXP,EQ,INE345A01011
NSE,HINDPETRO,EQ,INE094A01015
NSE,HINDUNILVR,EQ,INE030A01027
NSE,HINDWAREAP,EQ,INE05AN01011
NSE,HINDZINC,EQ,INE267A01025
NSE,HIRECT,EQ,INE835D01023
NSE,HISARMETAL,EQ,INE598C01011
NSE,HITECH,EQ,INE106T01025
NSE,HITECHCORP,EQ,INE120D01012
NSE,HITECHGEAR,BE,INE127B01011
NSE,HLEGLAS,EQ,INE461D01028
NSE,HLVLTD,EQ,INE102A01024
NSE,HMAAGRO,EQ,INE0ECP01024
NSE,HMT,BZ,INE262A01018
NSE,HMVL,EQ,INE871K01015
NSE,HNDFDS,EQ,INE254N01026
NSE,HOMEFIRST,EQ,INE481N01025
NSE,HONASA,EQ,INE0J5401028
NSE,HONAUT,EQ,INE671A01010
NSE,HONDAPOWER,EQ,INE634A01018
NSE,HPAL,EQ,INE0GSL01024
NSE,HPIL,EQ,INE05X901010
NSE,HPL,EQ,INE495S01016
NSE,HSCL,EQ,INE019C01026
NSE,HTMEDIA,EQ,INE501G01024
NSE,HUBTOWN,EQ,INE703H01016
NSE,HUDCO,EQ,INE031A01017
NSE,HUHTAMAKI,EQ,INE275B01026
NSE,HYBRIDFIN,BE,INE965B01022
NSE,HYUNDAI,EQ,INE0V6F01027
NSE,IBULLSLTD,EQ,INE126M01010
NSE,ICDSLTD,EQ,INE613B01010
NSE,ICEMAKE,EQ,INE520Y01019
NSE,ICICIAMC,EQ,INE346A01027
NSE,ICICIBANK,EQ,INE090A01021
NSE,ICICIGI,EQ,INE765G01017
NSE,ICICIPRULI,EQ,INE726G01019
NSE,ICIL,EQ,INE483B01026
NSE,ICRA,EQ,INE725G01011
NSE,IDBI,EQ,INE008A01015
NSE,IDEA,EQ,INE669E01016
NSE,IDEAFORGE,EQ,INE349Y01013
NSE,IDFCFIRSTB,EQ,INE092T01019
NSE,IEX,EQ,INE022Q01020
NSE,IFBAGRO,EQ,INE076C01018
NSE,IFBIND,EQ,INE559A01017
NSE,IFCI,EQ,INE039A01010
NSE,IFGLEXPOR,EQ,INE133Y01011
NSE,IGARASHI,EQ,INE188B01013
NSE,IGCL,EQ,INE05J901018
NSE,IGIL,EQ,INE0Q9301021
NSE,IGL,EQ,INE203G01027
NSE,IGPL,EQ,INE204A01010
NSE,IIFL,EQ,INE530B01024
NSE,IIFLCAPS,EQ,INE489L01022
NSE,IITL,EQ,INE886A01014
NSE,IKIO,EQ,INE0LOJ01019
NSE,IKS,EQ,INE115Q01022
NSE,IL&FSENGG,BZ,INE369I01014
NSE,IL&FSTRANS,BZ,INE975G01012
NSE,IMAGICAA,EQ,INE172N01012
NSE,IMFA,EQ,INE919H01018
NSE,IMPAL,EQ,INE547E01014
NSE,IMPEXFERRO,BZ,INE691G01015
NSE,INCREDIBLE,EQ,INE452L01012
NSE,INDBANK,EQ,INE841B01017
NSE,INDGN,EQ,INE065X01017
NSE,INDHOTEL,EQ,INE053A01029
NSE,INDIACEM,EQ,INE383A01012
NSE,INDIAGLYCO,EQ,INE560A01023
NSE,INDIAMART,EQ,INE933S01016
NSE,INDIANB,EQ,INE562A01011
NSE,INDIANCARD,EQ,INE061A01014
NSE,INDIANHUME,EQ,INE323C01030
NSE,INDIASHLTR,EQ,INE922K01024
NSE,INDIGO,EQ,INE646L01027
NSE,INDIGOPNTS,EQ,INE09VQ01012
NSE,INDIQUBE,EQ,INE06ST01018
NSE,INDNIPPON,EQ,INE092B01025
NSE,INDOAMIN,EQ,INE760F01028
NSE,INDOBORAX,EQ,INE803D01021
NSE,INDOCO,EQ,INE873D01024
NSE,INDOFARM,EQ,INE622H01018
NSE,INDORAMA,EQ,INE156A01020
NSE,INDOSTAR,EQ,INE896L01010
NSE,INDOTECH,EQ,INE332H01014
NSE,INDOTHAI,EQ,INE337M01021
NSE,INDOUS,EQ,INE250Z01010
NSE,INDOWIND,EQ,INE227G01018
NSE,INDRAMEDCO,EQ,INE681B01017
NSE,INDSWFTLAB,EQ,INE915B01019
NSE,INDTERRAIN,EQ,INE611L01021
NSE,INDUSINDBK,EQ,INE095A01012
NSE,INDUSTOWER,EQ,INE121J01017
NSE,INFIBEAM,EQ,INE483S01020
NSE,INFOBEAN,EQ,INE344S01016
NSE,INFOMEDIA,EQ,INE669A01022
NSE,INFY,EQ,INE009A01021
NSE,INGERRAND,EQ,INE177A01018
NSE,INNOVACAP,EQ,INE0DUT01020
NSE,INNOVANA,EQ,INE403Y01018
NSE,INOXGREEN,EQ,INE510W01014
NSE,INOXINDIA,EQ,INE616N01034
NSE,INOXWIND,EQ,INE066P01011
NSE,INSECTICID,EQ,INE070I01018
NSE,INSPIRISYS,EQ,INE020G01017
NSE,INTELLECT,EQ,INE306R01017
NSE,INTENTECH,EQ,INE781A01025
NSE,INTERARCH,EQ,INE00M901018
NSE,INTLCONV,EQ,INE575C01027
NSE,INVENTURE,EQ,INE878H01024
NSE,IOB,EQ,INE565A01014
NSE,IOC,EQ,INE242A01010
NSE,IOLCP,EQ,INE485C01029
NSE,IONEXCHANG,EQ,INE570A01022
NSE,IPCALAB,EQ,INE571A01038
NSE,IPL,EQ,INE0D6701023
NSE,IRB,EQ,INE821I01022
NSE,IRCON,EQ,INE962Y01021
NSE,IRCTC,EQ,INE335Y01020
NSE,IREDA,EQ,INE202E01016
NSE,IRFC,EQ,INE053F01010
NSE,IRIS,EQ,INE864K01010
NSE,IRISDOREME,EQ,INE01GN01025
NSE,IRMENERGY,EQ,INE07U701015
NSE,ISFT,EQ,INE566K01011
NSE,ISGEC,EQ,INE858B01029
NSE,ISHANCH,EQ,INE561M01018
NSE,ITC,EQ,INE154A01025
NSE,ITCHOTELS,EQ,INE379A01028
NSE,ITDC,EQ,INE353K01014
NSE,ITI,EQ,INE248A01017
NSE,IVALUE,EQ,INE056801025
NSE,IVC,EQ,INE050B01023
NSE,IVP,EQ,INE043C01018
NSE,IXIGO,EQ,INE0HV901016
NSE,IZMO,EQ,INE848A01014
NSE,J&KBANK,EQ,INE168A01041
NSE,JAGRAN,EQ,INE199G01027
NSE,JAGSNPHARM,EQ,INE048B01035
NSE,JAIBALAJI,EQ,INE091G01026
NSE,JAICORPLTD,EQ,INE070D01027
NSE,JAINREC,EQ,INE0YD401026
NSE,JAIPURKURT,EQ,INE696V01013
NSE,JAMNAAUTO,EQ,INE039C01032
NSE,JARO,EQ,INE00YJ01010
NSE,JASH,EQ,INE039O01029
NSE,JAYAGROGN,EQ,INE785A01026
NSE,JAYBARMARU,EQ,INE571B01036
NSE,JAYKAY,EQ,INE903A01025
NSE,JAYNECOIND,EQ,INE854B01010
NSE,JAYSREETEA,EQ,INE364A01020
NSE,JBCHEPHARM,EQ,INE572A01036
NSE,JBMA,EQ,INE927D01051
NSE,JETFREIGHT,BE,INE982V01025
NSE,JGCHEM,EQ,INE0MB501011
NSE,JHS,EQ,INE544H01014
NSE,JINDALPHOT,EQ,INE796G01012
NSE,JINDALPOLY,EQ,INE197D01010
NSE,JINDALSAW,EQ,INE324A01032
NSE,JINDALSTEL,EQ,INE749A01030
NSE,JINDRILL,EQ,INE742C01031
NSE,JINDWORLD,EQ,INE247D01039
NSE,JIOFIN,EQ,INE758E01017
NSE,JISLDVREQS,EQ,IN9175A01010
NSE,JISLJALEQS,EQ,INE175A01038
NSE,JITFINFRA,EQ,INE863T01013
NSE,JKCEMENT,EQ,INE823G01014
NSE,JKIL,EQ,INE576I01022
NSE,JKIPL,EQ,INE1FF001016
NSE,JKLAKSHMI,EQ,INE786A01032
NSE,JKPAPER,EQ,INE789E01012
NSE,JKTYRE,EQ,INE573A01042
NSE,JLHL,EQ,INE682M01012
NSE,JMA,EQ,INE412C01023
NSE,JMFINANCIL,EQ,INE780C01023
NSE,JNKINDIA,EQ,INE0OAF01028
NSE,JOCIL,EQ,INE839G01010
NSE,JPOLYINVST,EQ,INE147P01019
NSE,JPPOWER,EQ,INE351F01018
NSE,JSFB,EQ,INE953L01027
NSE,JSL,EQ,INE220G01021
NSE,JSLL,EQ,INE0J5801029
NSE,JSWCEMENT,EQ,INE718I01012
NSE,JSWENERGY,EQ,INE121E01018
NSE,JSWHL,EQ,INE824G01012
NSE,JSWINFRA,EQ,INE880J01026
NSE,JSWSTEEL,EQ,INE019A01038
NSE,JTEKTINDIA,EQ,INE643A01035
NSE,JTLIND,EQ,INE391J01032
NSE,JUBLCPL,EQ,INE03CC01015
NSE,JUBLFOOD,EQ,INE797F01020
NSE,JUBLINGREA,EQ,INE0BY001018
NSE,JUBLPHARMA,EQ,INE700A01033
NSE,JUNIPER,EQ,INE696F01016
NSE,JUSTDIAL,EQ,INE599M01018
NSE,JWL,EQ,INE209L01016
NSE,JYOTHYLAB,EQ,INE668F01031
NSE,JYOTICNC,EQ,INE980O01024
NSE,JYOTISTRUC,EQ,INE197A01024
NSE,KABRAEXTRU,EQ,INE900B01029
NSE,KAJARIACER,EQ,INE217B01036
NSE,KAKATCEM,EQ,INE437B01014
NSE,KALAMANDIR,EQ,INE438K01021
NSE,KALPATARU,EQ,INE227J01012
NSE,KALYANI,BE,INE610E01010
NSE,KALYANIFRG,EQ,INE314G01014
NSE,KALYANKJIL,EQ,INE303R01014
NSE,KAMATHOTEL,EQ,INE967C01018
NSE,KAMDHENU,EQ,INE390H01020
NSE,KAMOPAINTS,EQ,INE0BTI01037
NSE,KANANIIND,EQ,INE879E01037
NSE,KANORICHEM,EQ,INE138C01024
NSE,KANPRPLA,EQ,INE694E01014
NSE,KANSAINER,EQ,INE531A01024
NSE,KAPSTON,EQ,INE542Z01028
NSE,KARMAENG,EQ,INE725L01011
NSE,KARURVYSYA,EQ,INE036D01028
NSE,KAUSHALYA,EQ,INE234I01028
NSE,KAVDEFENCE,EQ,INE641C01019
NSE,KAYA,EQ,INE587G01015
NSE,KAYNES,EQ,INE918Z01012
NSE,KCP,EQ,INE805C01028
NSE,KCPSUGIND,EQ,INE790B01024
NSE,KDDL,EQ,INE291D01011
NSE,KEC,EQ,INE389H01022
NSE,KECL,EQ,INE134B01017
NSE,KEEPLEARN,EQ,INE055C01020
NSE,KEI,EQ,INE878B01027
NSE,KELLTONTEC,EQ,INE164B01030
NSE,KERNEX,EQ,INE202H01019
NSE,KESORAMIND,BE,INE087A01019
NSE,KEYFINSERV,EQ,INE681C01015
NSE,KFINTECH,EQ,INE138Y01010
NSE,KHADIM,EQ,INE834I01025
NSE,KHAICHEM,EQ,INE745B01028
NSE,KHAITANLTD,EQ,INE731C01018
NSE,KHANDSE,EQ,INE060B01014
NSE,KICL,EQ,INE029L01018
NSE,KILITCH,EQ,INE729D01010
NSE,KIMS,EQ,INE967H01025
NSE,KINGFA,EQ,INE473D01015
NSE,KIOCL,EQ,INE880L01014
NSE,KIRIINDUS,EQ,INE415I01015
NSE,KIRLOSBROS,EQ,INE732A01036
NSE,KIRLOSENG,EQ,INE146L01010
NSE,KIRLOSIND,EQ,INE250A01039
NSE,KIRLPNU,EQ,INE811A01020
NSE,KITEX,EQ,INE602G01020
NSE,KKCL,EQ,INE401H01017
NSE,KMEW,EQ,INE0CJD01029
NSE,KMSUGAR,EQ,INE157H01023
NSE,KNAGRI,EQ,INE0KNW01016
NSE,KNRCON,EQ,INE634I01029
NSE,KOHINOOR,EQ,INE080B01012
NSE,KOKUYOCMLN,EQ,INE760A01029
NSE,KOLTEPATIL,EQ,INE094I01018
NSE,KOPRAN,EQ,INE082A01010
NSE,KOTAKBANK,EQ,INE237A01036
NSE,KOTARISUG,EQ,INE419A01022
NSE,KOTHARIPET,EQ,INE720A01015
NSE,KOTHARIPRO,EQ,INE823A01017
NSE,KPEL,EQ,INE127T01021
NSE,KPIGREEN,EQ,INE542W01025
NSE,KPIL,EQ,INE220B01022
NSE,KPITTECH,EQ,INE04I401011
NSE,KPRMILL,EQ,INE930H01031
NSE,KRBL,EQ,INE001B01026
NSE,KREBSBIO,EQ,INE268B01013
NSE,KRIDHANINF,EQ,INE524L01026
NSE,KRISHANA,EQ,INE506W01012
NSE,KRISHIVAL,EQ,INE0GGO01015
NSE,KRISHNADEF,EQ,INE0J5601015
NSE,KRITI,EQ,INE479D01038
NSE,KRITIKA,EQ,INE00Z501029
NSE,KRITINUT,EQ,INE798K01010
NSE,KRN,EQ,INE0Q3J01015
NSE,KRONOX,EQ,INE0ATZ01017
NSE,KROSS,EQ,INE0O6601022
NSE,KRSNAA,EQ,INE08LI01020
NSE,KRYSTAL,EQ,INE0QN801017
NSE,KSB,EQ,INE999A01023
NSE,KSCL,EQ,INE455I01029
NSE,KSHINTL,EQ,INE987S01020
NSE,KSHITIJPOL,EQ,INE013801027
NSE,KSL,EQ,INE907A01026
NSE,KSOLVES,EQ,INE0D6I01023
NSE,KSR,BE,INE1SPP01016
NSE,KTKBANK,EQ,INE614B01018
NSE,KUANTUM,EQ,INE529I01021
NSE,LAGNAM,EQ,INE548Z01017
NSE,LAKPRE,BZ,INE651C01018
NSE,LAL,EQ,INE740X01023
NSE,LALPATHLAB,EQ,INE600L01024
NSE,LAMBODHARA,EQ,INE112F01022
NSE,LANCORHOL,BE,INE572G01025
NSE,LANDMARK,EQ,INE559R01029
NSE,LAOPALA,EQ,INE059D01020
NSE,LASA,EQ,INE670X01014
NSE,LATENTVIEW,EQ,INE0I7C01011
NSE,LATTEYS,BE,INE262Z01023
NSE,LAURUSLABS,EQ,INE947Q01028
NSE,LAXMICOT,EQ,INE801V01019
NSE,LAXMIDENTL,EQ,INE0WO601020
NSE,LAXMIINDIA,EQ,INE06WU01026
NSE,LCCINFOTEC,BE,INE938A01021
NSE,LEMERITE,EQ,INE0G1L01017
NSE,LEMONTREE,EQ,INE970X01018
NSE,LENSKART,EQ,INE956O01016
NSE,LEXUS,EQ,INE500X01013
NSE,LFIC,EQ,INE850E01012
NSE,LGBBROSLTD,EQ,INE337A01034
NSE,LGEINDIA,EQ,INE324D01010
NSE,LGHL,EQ,INE258Y01016
NSE,LIBAS,EQ,INE908V01012
NSE,LIBERTSHOE,EQ,INE557B01019
NSE,LICHSGFIN,EQ,INE115A01026
NSE,LICI,EQ,INE0J1Y01017
NSE,LIKHITHA,EQ,INE060901027
NSE,LINC,EQ,INE802B01027
NSE,LINCOLN,EQ,INE405C01035
NSE,LINDEINDIA,EQ,INE473A01011
NSE,LLOYDSENGG,EQ,INE093R01011
NSE,LLOYDSENT,EQ,INE080I01025
NSE,LLOYDSME,EQ,INE281B01032
NSE,LMW,EQ,INE269B01029
NSE,LODHA,EQ,INE670K01029
NSE,LOKESHMACH,EQ,INE397H01017
NSE,LORDSCHLO,EQ,INE846D01012
NSE,LOTUSDEV,EQ,INE0V9Q01010
NSE,LOTUSEYE,EQ,INE947I01017
NSE,LOVABLE,EQ,INE597L01014
NSE,LOYALTEX,EQ,INE970D01010
NSE,LPDC,EQ,INE197J01017
NSE,LT,EQ,INE018A01030
NSE,LTF,EQ,INE498L01015
NSE,LTFOODS,EQ,INE818H01020
NSE,LTIM,EQ,INE214T01019
NSE,LTTS,EQ,INE010V01017
NSE,LUMAXIND,EQ,INE162B01018
NSE,LUMAXTECH,EQ,INE872H01027
NSE,LUPIN,EQ,INE326A01037
NSE,LUXIND,EQ,INE150G01020
NSE,LXCHEM,EQ,INE576O01020
NSE,LYKALABS,EQ,INE933A01014
NSE,LYPSAGEMS,EQ,INE142K01011
NSE,M&M,EQ,INE101A01026
NSE,M&MFIN,EQ,INE774D01024
NSE,MAANALU,BE,INE215I01027
NSE,MACPOWER,EQ,INE155Z01011
NSE,MADHAV,EQ,INE925C01016
NSE,MADHUCON,EQ,INE378D01032
NSE,MADRASFERT,EQ,INE414A01015
NSE,MAGADSUGAR,EQ,INE347W01011
NSE,MAGNUM,EQ,INE387I01016
NSE,MAHABANK,EQ,INE457A01014
NSE,MAHAPEXLTD,EQ,INE843B01013
NSE,MAHASTEEL,BE,INE451L01014
NSE,MAHEPC,EQ,INE215D01010
NSE,MAHESHWARI,EQ,INE263W01010
NSE,MAHLIFE,EQ,INE813A01018
NSE,MAHLOG,EQ,INE766P01016
NSE,MAHSCOOTER,EQ,INE288A01013
NSE,MAHSEAMLES,EQ,INE271B01025
NSE,MAITHANALL,EQ,INE683C01011
NSE,MALLCOM,EQ,INE389C01015
NSE,MALUPAPER,EQ,INE383H01017
NSE,MAMATA,EQ,INE0TO701015
NSE,MANAKALUCO,EQ,INE859Q01017
NSE,MANAKCOAT,EQ,INE830Q01018
NSE,MANAKSIA,EQ,INE015D01022
NSE,MANAKSTEEL,EQ,INE824Q01011
NSE,MANALIPETC,EQ,INE201A01024
NSE,MANAPPURAM,EQ,INE522D01027
NSE,MANBA,EQ,INE939X01013
NSE,MANCREDIT,EQ,INE545L01039
NSE,MANGALAM,BE,INE584F01014
NSE,MANGLMCEM,EQ,INE347A01017
NSE,MANINDS,EQ,INE993A01026
NSE,MANINFRA,EQ,INE949H01023
NSE,MANKIND,EQ,INE634S01028
NSE,MANOMAY,BE,INE784W01015
NSE,MANORAMA,EQ,INE00VM01036
NSE,MANORG,EQ,INE370D01013
NSE,MANUGRAPH,EQ,INE867A01022
NSE,MANYAVAR,EQ,INE825V01034
NSE,MAPMYINDIA,EQ,INE0BV301023
NSE,MARALOVER,EQ,INE882A01013
NSE,MARATHON,EQ,INE182D01020
NSE,MARICO,EQ,INE196A01026
NSE,MARINE,EQ,INE01JE01028
NSE,MARKOLINES,EQ,INE0FW001016
NSE,MARKSANS,EQ,INE750C01026
NSE,MARUTI,EQ,INE585B01010
NSE,MASFIN,EQ,INE348L01012
NSE,MASKINVEST,BE,INE885F01015
NSE,MASTEK,EQ,INE759A01021
NSE,MASTERTR,EQ,INE677D01037
NSE,MATRIMONY,EQ,INE866R01028
NSE,MAWANASUG,EQ,INE636A01039
NSE,MAXESTATES,EQ,INE03EI01018
NSE,MAXHEALTH,EQ,INE027H01010
NSE,MAXIND,EQ,INE0CG601016
NSE,MAYURUNIQ,EQ,INE040D01038
NSE,MAZDA,EQ,INE885E01042
NSE,MAZDOCK,EQ,INE249Z01020
NSE,MBAPL,EQ,INE900L01010
NSE,MBEL,EQ,INE08N601015
NSE,MBLINFRA,EQ,INE912H01013
NSE,MCL,BE,INE813V01022
NSE,MCLEODRUSS,EQ,INE942G01012
NSE,MCLOUD,EQ,INE613C01026
NSE,MCX,EQ,INE745G01043
NSE,MEDANTA,EQ,INE474Q01031
NSE,MEDIASSIST,EQ,INE456Z01021
NSE,MEDICAMEQ,EQ,INE646B01010
NSE,MEDICO,EQ,INE630Y01024
NSE,MEDPLUS,EQ,INE804L01022
NSE,MEESHO,EQ,INE0VDM01015
NSE,MEGASOFT,BE,INE933B01012
NSE,MEGASTAR,BE,INE00EM01016
NSE,MEIL,EQ,INE0PKD01011
NSE,MENONBE,EQ,INE071D01033
NSE,MEP,BZ,INE776I01010
NSE,METROBRAND,EQ,INE317I01021
NSE,METROPOLIS,EQ,INE112L01020
NSE,MFML,EQ,INE0US801024
NSE,MFSL,EQ,INE180A01020
NSE,MGEL,EQ,INE0APB01032
NSE,MGL,EQ,INE002S01010
NSE,MHLXMIRU,EQ,INE112D01035
NSE,MHRIL,EQ,INE998I01010
NSE,MICEL,EQ,INE287C01037
NSE,MIDHANI,EQ,INE099Z01011
NSE,MIDWESTLTD,EQ,INE0XAD01024
NSE,MINDACORP,EQ,INE842C01021
NSE,MINDTECK,EQ,INE110B01017
NSE,MIRCELECTR,EQ,INE831A01028
NSE,MIRZAINT,EQ,INE771A01026
NSE,MITCON,EQ,INE828O01033
NSE,MITTAL,EQ,INE997Y01027
NSE,MKPL,EQ,INE964W01021
NSE,MMFL,EQ,INE227C01017
NSE,MMP,EQ,INE511Y01018
NSE,MMTC,EQ,INE123F01029
NSE,MOBIKWIK,EQ,INE0HLU01028
NSE,MODINATUR,EQ,INE537F01012
NSE,MODIRUBBER,EQ,INE832A01018
NSE,MODIS,EQ,INE0L0L01012
NSE,MODISONLTD,EQ,INE737D01021
NSE,MODTHREAD,EQ,INE794W01014
NSE,MOHITIND,EQ,INE954E01012
NSE,MOIL,EQ,INE490G01020
NSE,MOKSH,EQ,INE514Y01020
NSE,MOL,EQ,INE0CT101020
NSE,MOLDTECH,EQ,INE835B01035
NSE,MOLDTKPAC,EQ,INE893J01029
NSE,MONARCH,EQ,INE903D01011
NSE,MONEYBOXX,EQ,INE296Q01012
NSE,MONTECARLO,EQ,INE950M01013
NSE,MOREPENLAB,EQ,INE083A01026
NSE,MOSCHIP,EQ,INE935B01025
NSE,MOTHERSON,EQ,INE775A01035
NSE,MOTILALOFS,EQ,INE338I01027
NSE,MOTISONS,EQ,INE0FRK01020
NSE,MOTOGENFIN,EQ,INE861B01023
NSE,MPHASIS,EQ,INE356A01018
NSE,MPSLTD,EQ,INE943D01017
NSE,MRF,EQ,INE883A01011
NSE,MRPL,EQ,INE103A01014
NSE,MSPL,EQ,INE752G01015
NSE,MSTCLTD,EQ,INE255X01014
NSE,MSUMI,EQ,INE0FS801015
NSE,MTARTECH,EQ,INE864I01014
NSE,MTEDUCARE,BE,INE472M01018
NSE,MTNL,EQ,INE153A01019
NSE,MUFIN,EQ,INE08KJ01020
NSE,MUFTI,EQ,INE220Q01020
NSE,MUKANDLTD,EQ,INE304A01026
NSE,MUKKA,EQ,INE0CG401037
NSE,MUKTAARTS,EQ,INE374B01019
NSE,MUNJALAU,EQ,INE672B01032
NSE,MUNJALSHOW,EQ,INE577A01027
NSE,MURUDCERA,EQ,INE692B01014
NSE,MUTHOOTCAP,EQ,INE296G01013
NSE,MUTHOOTFIN,EQ,INE414G01012
NSE,MUTHOOTMF,EQ,INE046W01019
NSE,MVGJL,EQ,INE0KNT01012
NSE,MWL,EQ,INE0JYY01011
NSE,NACLIND,EQ,INE295D01020
NSE,NAGAFERT,EQ,INE454M01024
NSE,NAGREEKCAP,BE,INE245I01016
NSE,NAGREEKEXP,EQ,INE123B01028
NSE,NAHARCAP,EQ,INE049I01012
NSE,NAHARINDUS,EQ,INE289A01011
NSE,NAHARPOLY,EQ,INE308A01027
NSE,NAHARSPING,EQ,INE290A01027
NSE,NAM-INDIA,EQ,INE298J01013
NSE,NARMADA,EQ,INE117Z01011
NSE,NATCAPSUQ,EQ,INE936B01015
NSE,NATCOPHARM,EQ,INE987B01026
NSE,NATHBIOGEN,EQ,INE448G01010
NSE,NATIONALUM,EQ,INE139A01034
NSE,NAUKRI,EQ,INE663F01032
NSE,NAVA,EQ,INE725A01030
NSE,NAVINFLUOR,EQ,INE048G01026
NSE,NAVKARCORP,EQ,INE278M01019
NSE,NAVKARURB,BE,INE268H01044
NSE,NAVNETEDUL,EQ,INE060A01024
NSE,NAZARA,EQ,INE418L01047
NSE,NBCC,EQ,INE095N01031
NSE,NBIFIN,EQ,INE365I01020
NSE,NCC,EQ,INE868B01028
NSE,NCLIND,EQ,INE732C01016
NSE,NDGL,EQ,INE756C01015
NSE,NDL,EQ,INE875G01048
NSE,NDLVENTURE,EQ,INE353A01023
NSE,NDRAUTO,EQ,INE07OG01012
NSE,NDTV,EQ,INE155G01029
NSE,NECCLTD,EQ,INE553C01016
NSE,NECLIFE,BE,INE023H01027
NSE,NELCAST,EQ,INE189I01024
NSE,NELCO,EQ,INE045B01015
NSE,NEOGEN,EQ,INE136S01016
NSE,NEPHROPLUS,EQ,INE428V01029
NSE,NESCO,EQ,INE317F01035
NSE,NESTLEIND,EQ,INE239A01024
NSE,NETWEB,EQ,INE0NT901020
NSE,NETWORK18,EQ,INE870H01013
NSE,NEULANDLAB,EQ,INE794A01010
NSE,NEWGEN,EQ,INE619B01017
NSE,NEXTMEDIA,EQ,INE747B01016
NSE,NFL,EQ,INE870D01012
NSE,NGIL,EQ,INE236Y01012
NSE,NGLFINE,EQ,INE887E01022
NSE,NH,EQ,INE410P01011
NSE,NHPC,EQ,INE848E01016
NSE,NIACL,EQ,INE470Y01017
NSE,NIBE,EQ,INE149O01018
NSE,NIBL,EQ,INE047O01014
NSE,NIITLTD,EQ,INE161A01038
NSE,NIITMTS,EQ,INE342G01023
NSE,NILAINFRA,EQ,INE937C01029
NSE,NILASPACES,EQ,INE00S901012
NSE,NILKAMAL,EQ,INE310A01015
NSE,NINSYS,EQ,INE395U01014
NSE,NIPPOBATRY,EQ,INE567A01028
NSE,NIRAJ,EQ,INE368I01016
NSE,NIRAJISPAT,EQ,INE326T01011
NSE,NITCO,EQ,INE858F01012
NSE,NITINSPIN,EQ,INE229H01012
NSE,NITIRAJ,EQ,INE439T01012
NSE,NIVABUPA,EQ,INE995S01015
NSE,NKIND,EQ,INE542C01019
NSE,NLCINDIA,EQ,INE589A01014
NSE,NMDC,EQ,INE584A01023
NSE,NOCIL,EQ,INE163A01018
NSE,NOIDATOLL,EQ,INE781B01015
NSE,NORBTEAEXP,BE,INE369C01017
NSE,NORTHARC,EQ,INE850M01015
NSE,NOVAAGRI,EQ,INE02H701025
NSE,NPST,EQ,INE0FFK01017
NSE,NRAIL,EQ,INE740D01017
NSE,NRBBEARING,EQ,INE349A01021
NSE,NRL,EQ,INE0JM501013
NSE,NSIL,EQ,INE023A01030
NSE,NSLNISP,EQ,INE0NNS01018
NSE,NTPC,EQ,INE733E01010
NSE,NTPCGREEN,EQ,INE0ONG01011
NSE,NUCLEUS,EQ,INE096B01018
NSE,NURECA,EQ,INE0DSF01015
NSE,NUVAMA,EQ,INE531F01023
NSE,NUVOCO,EQ,INE118D01016
NSE,NYKAA,EQ,INE388Y01029
NSE,OAL,EQ,INE959C01023
NSE,OBCL,EQ,INE426Z01016
NSE,OBEROIRLTY,EQ,INE093I01010
NSE,OCCLLTD,EQ,INE0PK601023
NSE,ODIGMA,EQ,INE054301028
NSE,OFSS,EQ,INE881D01027
NSE,OIL,EQ,INE274J01014
NSE,OILCOUNTUB,EQ,INE591A01010
NSE,OLAELEC,EQ,INE0LXG01040
NSE,OLECTRA,EQ,INE260D01016
NSE,OMAXAUTO,EQ,INE090B01011
NSE,OMAXE,EQ,INE800H01010
NSE,OMFREIGHT,EQ,INE1BZC01019
NSE,OMINFRAL,EQ,INE239D01028
NSE,OMKARCHEM,BZ,INE474L01016
NSE,ONELIFECAP,BE,INE912L01015
NSE,ONEPOINT,EQ,INE840Y01029
NSE,ONESOURCE,EQ,INE013P01021
NSE,ONGC,EQ,INE213A01029
NSE,ONMOBILE,EQ,INE809I01019
NSE,ONWARDTEC,EQ,INE229A01017
NSE,OPTIEMUS,EQ,INE350C01017
NSE,ORBTEXP,EQ,INE231G01010
NSE,ORCHASP,EQ,INE215B01022
NSE,ORCHPHARMA,EQ,INE191A01027
NSE,ORICONENT,BE,INE730A01022
NSE,ORIENTALTL,EQ,INE998H01012
NSE,ORIENTBELL,EQ,INE607D01018
NSE,ORIENTCEM,EQ,INE876N01018
NSE,ORIENTCER,EQ,INE569C01020
NSE,ORIENTELEC,EQ,INE142Z01019
NSE,ORIENTHOT,EQ,INE750A01020
NSE,ORIENTLTD,EQ,INE609C01024
NSE,ORIENTPPR,EQ,INE592A01026
NSE,ORIENTTECH,EQ,INE0PPK01015
NSE,ORISSAMINE,EQ,INE725E01024
NSE,ORKLAINDIA,EQ,INE16NZ01023
NSE,ORTINGLOBE,BE,INE749B01020
NSE,OSIAHYPER,EQ,INE06IR01021
NSE,OSWALAGRO,EQ,INE142A01012
NSE,OSWALGREEN,EQ,INE143A01010
NSE,OSWALPUMPS,EQ,INE0BYP01024
NSE,OSWALSEEDS,EQ,INE00IK01029
NSE,PACEDIGITK,EQ,INE0S3G01027
NSE,PAGEIND,EQ,INE761H01022
NSE,PAISALO,EQ,INE420C01059
NSE,PAKKA,EQ,INE551D01018
NSE,PALASHSECU,EQ,INE471W01019
NSE,PALREDTEC,EQ,INE218G01033
NSE,PANACEABIO,EQ,INE922B01023
NSE,PANACHE,EQ,INE895W01019
NSE,PANAMAPET,EQ,INE305C01029
NSE,PANSARI,BE,INE697V01011
NSE,PAR,EQ,INE04LG01015
NSE,PARACABLES,EQ,INE074B01023
NSE,PARADEEP,EQ,INE088F01024
NSE,PARAGMILK,EQ,INE883N01014
NSE,PARAS,EQ,INE045601023
NSE,PARASPETRO,EQ,INE162C01024
NSE,PARKHOSPS,EQ,INE119201023
NSE,PARKHOTELS,EQ,INE988S01028
NSE,PARSVNATH,EQ,INE561H01026
NSE,PASHUPATI,EQ,INE124Y01010
NSE,PASUPTAC,EQ,INE818B01023
NSE,PATANJALI,EQ,INE619A01035
NSE,PATELENG,EQ,INE244B01030
NSE,PATELRMART,EQ,INE0R8B01010
NSE,PATINTLOG,EQ,INE529D01014
NSE,PAUSHAKLTD,EQ,INE111F01024
NSE,PAVNAIND,EQ,INE07S101038
NSE,PAYTM,EQ,INE982J01020
NSE,PCBL,EQ,INE602A01031
NSE,PCJEWELLER,EQ,INE785M01021
NSE,PDMJEPAPER,EQ,INE865T01018
NSE,PDSL,EQ,INE111Q01021
NSE,PEARLPOLY,EQ,INE844A01013
NSE,PENIND,EQ,INE932A01024
NSE,PENINLAND,EQ,INE138A01028
NSE,PERSISTENT,EQ,INE262H01021
NSE,PETRONET,EQ,INE347G01014
NSE,PFC,EQ,INE134E01011
NSE,PFIZER,EQ,INE182A01018
NSE,PFOCUS,EQ,INE367G01038
NSE,PFS,EQ,INE560K01014
NSE,PGEL,EQ,INE457L01029
NSE,PGHH,EQ,INE179A01014
NSE,PGHL,EQ,INE199A01012
NSE,PGIL,EQ,INE940H01022
NSE,PHOENIXLTD,EQ,INE211B01039
NSE,PICCADIL,EQ,INE546C01010
NSE,PIDILITIND,EQ,INE318A01026
NSE,PIGL,EQ,INE557Z01018
NSE,PIIND,EQ,INE603J01030
NSE,PILANIINVS,EQ,INE417C01014
NSE,PILITA,EQ,INE600A01035
NSE,PINELABS,EQ,INE15B701018
NSE,PIONEEREMB,EQ,INE156C01018
NSE,PIRAMALFIN,EQ,INE202B01038
NSE,PITTIENG,EQ,INE450D01021
NSE,PIXTRANS,EQ,INE751B01018
NSE,PKTEA,EQ,INE431F01018
NSE,PLASTIBLEN,EQ,INE083C01022
NSE,PLATIND,EQ,INE0PT501018
NSE,PLAZACABLE,EQ,INE0INJ01017
NSE,PNB,EQ,INE160A01022
NSE,PNBGILTS,EQ,INE859A01011
NSE,PNBHOUSING,EQ,INE572E01012
NSE,PNC,EQ,INE392B01011
NSE,PNCINFRA,EQ,INE195J01029
NSE,PNGJL,EQ,INE953R01016
NSE,POCL,EQ,INE063E01053
NSE,PODDARMENT,EQ,INE371C01013
NSE,POKARNA,EQ,INE637C01025
NSE,POLICYBZR,EQ,INE417T01026
NSE,POLYCAB,EQ,INE455K01017
NSE,POLYMED,EQ,INE205C01021
NSE,POLYPLEX,EQ,INE633B01018
NSE,PONNIERODE,EQ,INE838E01017
NSE,POONAWALLA,EQ,INE511C01022
NSE,POWERGRID,EQ,INE752E01010
NSE,POWERINDIA,EQ,INE07Y701011
NSE,POWERMECH,EQ,INE211R01019
NSE,PPAP,EQ,INE095I01015
NSE,PPL,EQ,INE050001010
NSE,PPLPHARMA,EQ,INE0DK501011
NSE,PRABHA,EQ,INE0I0M01023
NSE,PRAENG,BE,INE505C01016
NSE,PRAJIND,EQ,INE074A01025
NSE,PRAKASH,EQ,INE603A01013
NSE,PRAKASHSTL,BE,INE696K01024
NSE,PRAXIS,EQ,INE546Y01022
NSE,PRECAM,EQ,INE484I01029
NSE,PRECOT,EQ,INE283A01014
NSE,PRECWIRE,EQ,INE372C01037
NSE,PREMEXPLN,EQ,INE863B01029
NSE,PREMIER,BE,INE342A01018
NSE,PREMIERENE,EQ,INE0BS701011
NSE,PREMIERPOL,EQ,INE309M01020
NSE,PRESTIGE,EQ,INE811K01011
NSE,PRICOLLTD,EQ,INE726V01018
NSE,PRIMESECU,EQ,INE032B01021
NSE,PRIMO,EQ,INE607A01022
NSE,PRINCEPIPE,EQ,INE689W01016
NSE,PRITI,EQ,INE974Z01015
NSE,PRITIKAUTO,EQ,INE583R01029
NSE,PRIVISCL,EQ,INE959A01019
NSE,PROSTARM,EQ,INE0BX301013
NSE,PROTEAN,EQ,INE004A01022
NSE,PROZONER,BE,INE195N01013
NSE,PRSMJOHNSN,EQ,INE010A01011
NSE,PRUDENT,EQ,INE00F201020
NSE,PRUDMOULI,EQ,INE024D01016
NSE,PSB,EQ,INE608A01012
NSE,PSPPROJECT,EQ,INE488V01015
NSE,PTC,EQ,INE877F01012
NSE,PTCIL,EQ,INE596F01018
NSE,PTL,EQ,INE034D01049
NSE,PUNJABCHEM,EQ,INE277B01014
NSE,PURVA,EQ,INE323I01011
NSE,PVP,BE,INE362A01016
NSE,PVRINOX,EQ,INE191H01014
NSE,PVSL,EQ,INE772T01024
NSE,PWL,EQ,INE0LP301011
NSE,PYRAMID,EQ,INE0MIS01010
NSE,QPOWER,EQ,INE0SII01026
NSE,QUADFUTURE,EQ,INE0LRY01011
NSE,QUESS,EQ,INE615P01015
NSE,QUICKHEAL,EQ,INE306L01010
NSE,RACE,EQ,INE084Q01012
NSE,RACLGEAR,EQ,INE704B01017
NSE,RADAAN,EQ,INE874F01027
NSE,RADHIKAJWE,EQ,INE583V01021
NSE,RADIANTCMS,EQ,INE855R01021
NSE,RADICO,EQ,INE944F01028
NSE,RADIOCITY,EQ,INE919I01024
NSE,RAILTEL,EQ,INE0DD101019
NSE,RAIN,EQ,INE855B01025
NSE,RAINBOW,EQ,INE961O01016
NSE,RAJESHEXPO,BZ,INE343B01030
NSE,RAJMET,EQ,INE00KV01022
NSE,RAJOOENG,EQ,INE535F01024
NSE,RAJRATAN,EQ,INE451D01029
NSE,RAJRILTD,BE,INE533D01032
NSE,RAJSREESUG,EQ,INE562B01019
NSE,RAJTV,EQ,INE952H01027
NSE,RALLIS,EQ,INE613A01020
NSE,RAMANEWS,EQ,INE278B01020
NSE,RAMAPHO,EQ,INE809A01032
NSE,RAMASTEEL,EQ,INE230R01035
NSE,RAMCOCEM,EQ,INE331A01037
NSE,RAMCOIND,EQ,INE614A01028
NSE,RAMCOSYS,EQ,INE246B01019
NSE,RAMKY,EQ,INE874I01013
NSE,RAMRAT,EQ,INE207E01023
NSE,RANASUG,EQ,INE625B01014
NSE,RANEHOLDIN,EQ,INE384A01010
NSE,RATEGAIN,EQ,INE0CLI01024
NSE,RATNAMANI,EQ,INE703B01027
NSE,RATNAVEER,EQ,INE05CZ01011
NSE,RAYMOND,EQ,INE301A01014
NSE,RAYMONDLSL,EQ,INE02ID01020
NSE,RAYMONDREL,EQ,INE1SY401010
NSE,RBA,EQ,INE07T201019
NSE,RBLBANK,EQ,INE976G01028
NSE,RBZJEWEL,EQ,INE0PEQ01016
NSE,RCF,EQ,INE027A01015
NSE,RCOM,BE,INE330H01018
NSE,RECLTD,EQ,INE020B01018
NSE,REDINGTON,EQ,INE891D01026
NSE,REDTAPE,EQ,INE0LXT01019
NSE,REFEX,EQ,INE056I01025
NSE,REGAAL,EQ,INE0MHO01029
NSE,REGENCERAM,EQ,INE277C01012
NSE,RELAXO,EQ,INE131B01039
NSE,RELCHEMQ,EQ,INE750D01016
NSE,RELIABLE,BE,INE375Y01018
NSE,RELIANCE,EQ,INE002A01018
NSE,RELIGARE,EQ,INE621H01010
NSE,RELTD,EQ,INE206N01018
NSE,REMSONSIND,EQ,INE474C01023
NSE,RENUKA,EQ,INE087H01022
NSE,REPCOHOME,EQ,INE612J01015
NSE,REPL,EQ,INE364Z01019
NSE,REPRO,EQ,INE461B01014
NSE,RESPONIND,EQ,INE688D01026
NSE,RETAIL,EQ,INE03DD01011
NSE,RGL,EQ,INE722H01024
NSE,RHETAN,EQ,INE0KKN01029
NSE,RHFL,BZ,INE217K01011
NSE,RHIM,EQ,INE743M01012
NSE,RHL,EQ,INE508K01013
NSE,RICOAUTO,EQ,INE209B01025
NSE,RIIL,EQ,INE046A01015
NSE,RISHABH,EQ,INE0N2P01017
NSE,RITCO,EQ,INE01EG01016
NSE,RITES,EQ,INE320J01015
NSE,RKDL,EQ,INE722J01012
NSE,RKEC,EQ,INE786W01010
NSE,RKFORGE,EQ,INE399G01023
NSE,RKSWAMY,EQ,INE0NQ801033
NSE,RMDRIP,EQ,INE219Y01026
NSE,RML,EQ,INE050H01012
NSE,RNBDENIMS,EQ,INE012Q01021
NSE,ROHLTD,EQ,INE283H01019
NSE,ROLEXRINGS,EQ,INE645S01024
NSE,ROLLT,BE,INE927A01040
NSE,ROML,EQ,INE294G01026
NSE,ROSSARI,EQ,INE02A801020
NSE,ROSSELLIND,EQ,INE847C01020
NSE,ROSSTECH,EQ,INE0OJW01016
NSE,ROTO,EQ,INE535D01037
NSE,ROUTE,EQ,INE450U01017
NSE,RPEL,EQ,INE912T01018
NSE,RPGLIFE,EQ,INE105J01010
NSE,RPOWER,EQ,INE614G01033
NSE,RPPINFRA,EQ,INE324L01013
NSE,RPPL,EQ,INE760W01023
NSE,RPSGVENT,EQ,INE425Y01011
NSE,RPTECH,EQ,INE0J1F01024
NSE,RRKABEL,EQ,INE777K01022
NSE,RSSOFTWARE,EQ,INE165B01029
NSE,RSWM,EQ,INE611A01016
NSE,RSYSTEMS,EQ,INE411H01032
NSE,RTNINDIA,EQ,INE834M01019
NSE,RTNPOWER,EQ,INE399K01017
NSE,RUBFILA,EQ,INE642C01025
NSE,RUBICON,EQ,INE506V01022
NSE,RUBYMILLS,EQ,INE301D01026
NSE,RUCHINFRA,EQ,INE413B01023
NSE,RUCHIRA,EQ,INE803H01014
NSE,RUDRA,EQ,INE027T01023
NSE,RUPA,EQ,INE895B01021
NSE,RUSHIL,EQ,INE573K01025
NSE,RUSTOMJEE,EQ,INE263M01029
NSE,RVHL,EQ,INE09E501017
NSE,RVNL,EQ,INE415G01027
NSE,RVTH,EQ,INE0DAB01012
NSE,S&SPOWER,EQ,INE902B01017
NSE,SAATVIKGL,EQ,INE13B501022
NSE,SABEVENTS,BE,INE860T01019
NSE,SABTNL,BE,INE416A01044
NSE,SADBHAV,BE,INE226H01026
NSE,SADBHIN,EQ,INE764L01010
NSE,SADHNANIQ,EQ,INE888C01040
NSE,SAFARI,EQ,INE429E01023
NSE,SAGARDEEP,EQ,INE976T01013
NSE,SAGCEM,EQ,INE229C01021
NSE,SAGILITY,EQ,INE0W2G01015
NSE,SAHYADRI,EQ,INE280H01015
NSE,SAIL,EQ,INE114A01011
NSE,SAILIFE,EQ,INE570L01029
NSE,SAKAR,EQ,INE732S01012
NSE,SAKHTISUG,EQ,INE623A01011
NSE,SAKSOFT,EQ,INE667G01023
NSE,SAKUMA,EQ,INE190H01024
NSE,SALASAR,EQ,INE170V01027
NSE,SALONA,EQ,INE498E01010
NSE,SALSTEEL,BE,INE658G01014
NSE,SALZERELEC,EQ,INE457F01013
NSE,SAMBHAAV,BE,INE699B01027
NSE,SAMBHV,EQ,INE12NJ01018
NSE,SAMHI,EQ,INE08U801020
NSE,SAMMAANCAP,EQ,INE148I01020
NSE,SAMPANN,EQ,INE735M01018
NSE,SANATHAN,EQ,INE0JPD01013
NSE,SANCO,BZ,INE782L01012
NSE,SANDESH,EQ,INE583B01015
NSE,SANDHAR,EQ,INE278H01035
NSE,SANDUMA,EQ,INE149K01016
NSE,SANGAMIND,EQ,INE495C01010
NSE,SANGHIIND,EQ,INE999B01013
NSE,SANGHVIMOV,EQ,INE989A01032
NSE,SANGINITA,EQ,INE753W01010
NSE,SANOFI,EQ,INE058A01010
NSE,SANOFICONR,EQ,INE0UOS01011
NSE,SANSERA,EQ,INE953O01021
NSE,SANSTAR,EQ,INE08NE01025
NSE,SANWARIA,BZ,INE890C01046
NSE,SAPPHIRE,EQ,INE806T01020
NSE,SARDAEN,EQ,INE385C01021
NSE,SAREGAMA,EQ,INE979A01025
NSE,SARLAPOLY,EQ,INE453D01025
NSE,SARVESHWAR,EQ,INE324X01026
NSE,SASKEN,EQ,INE231F01020
NSE,SASTASUNDR,EQ,INE019J01013
NSE,SATIA,EQ,INE170E01023
NSE,SATIN,EQ,INE836B01017
NSE,SAURASHCEM,EQ,INE626A01014
NSE,SBC,EQ,INE04AK01028
NSE,SBCL,EQ,INE386D01027
NSE,SBFC,EQ,INE423Y01016
NSE,SBGLP,EQ,INE05ST01028
NSE,SBICARD,EQ,INE018E01016
NSE,SBILIFE,EQ,INE123W01016
NSE,SBIN,EQ,INE062A01020
NSE,SCHAEFFLER,EQ,INE513A01022
NSE,SCHAND,EQ,INE807K01035
NSE,SCHNEIDER,EQ,INE839M01018
NSE,SCI,EQ,INE109A01011
NSE,SCILAL,EQ,INE0PB301013
NSE,SCODATUBES,EQ,INE090501011
NSE,SCPL,EQ,INE501Y01019
NSE,SDBL,EQ,INE480C01038
NSE,SEAMECLTD,EQ,INE497B01018
NSE,SECMARK,EQ,INE0BTM01013
NSE,SECURKLOUD,BE,INE650K01021
NSE,SEJALLTD,BE,INE955I01044
NSE,SELMC,BE,INE105I01020
NSE,SEMAC,EQ,INE617A01013
NSE,SENCO,EQ,INE602W01027
NSE,SENORES,EQ,INE0RB801010
NSE,SEPC,EQ,INE964H01014
NSE,SEQUENT,EQ,INE807F01027
NSE,SERVOTECH,EQ,INE782X01033
NSE,SESHAPAPER,EQ,INE630A01024
NSE,SETCO,EQ,INE878E01021
NSE,SETUINFRA,BZ,INE023M01027
NSE,SEYAIND,BE,INE573R01012
NSE,SFL,EQ,INE916U01025
NSE,SGFIN,EQ,INE618R01015
NSE,SGIL,EQ,INE00QT01015
NSE,SGL,EQ,INE353H01010
NSE,SGLTL,EQ,INE0M4D01010
NSE,SGMART,EQ,INE385F01024
NSE,SHAH,EQ,INE482J01021
NSE,SHAHALLOYS,EQ,INE640C01011
NSE,SHAILY,EQ,INE151G01028
NSE,SHAKTIPUMP,EQ,INE908D01010
NSE,SHALBY,EQ,INE597J01018
NSE,SHALPAINTS,EQ,INE849C01026
NSE,SHANKARA,EQ,INE274V01019
NSE,SHANTI,EQ,INE933X01016
NSE,SHANTIGEAR,EQ,INE631A01022
NSE,SHANTIGOLD,EQ,INE06ZD01017
NSE,SHARDACROP,EQ,INE221J01015
NSE,SHARDAMOTR,EQ,INE597I01028
NSE,SHAREINDIA,EQ,INE932X01026
NSE,SHEKHAWATI,EQ,INE268L01046
NSE,SHEMAROO,EQ,INE363M01019
NSE,SHILCTECH,EQ,INE024F01011
NSE,SHILPAMED,EQ,INE790G01031
NSE,SHIVALIK,EQ,INE788J01021
NSE,SHIVAMAUTO,EQ,INE637H01024
NSE,SHIVAMILLS,EQ,INE644Y01017
NSE,SHIVATEX,EQ,INE705C01020
NSE,SHIVAUM,EQ,INE719F01016
NSE,SHK,EQ,INE500L01026
NSE,SHOPERSTOP,EQ,INE498B01024
NSE,SHRADHA,EQ,INE715Y01031
NSE,SHREDIGCEM,EQ,INE232A01011
NSE,SHREECEM,EQ,INE070A01015
NSE,SHREEJISPG,EQ,INE1B6101010
NSE,SHREEPUSHK,EQ,INE712K01011
NSE,SHREERAMA,EQ,INE879A01019
NSE,SHRENIK,BZ,INE632X01030
NSE,SHREYANIND,EQ,INE231C01019
NSE,SHRINGARMS,EQ,INE1B3L01017
NSE,SHRIPISTON,EQ,INE526E01018
NSE,SHRIRAMFIN,EQ,INE721A01047
NSE,SHRIRAMPPS,EQ,INE217L01019
NSE,SHYAMCENT,BE,INE979R01011
NSE,SHYAMMETL,EQ,INE810G01011
NSE,SHYAMTEL,EQ,INE635A01023
NSE,SICALLOG,BE,INE075B01020
NSE,SIEMENS,EQ,INE003A01024
NSE,SIGACHI,EQ,INE0D0K01022
NSE,SIGIND,EQ,INE529F01035
NSE,SIGMA,EQ,INE0A0S01028
NSE,SIGNATURE,EQ,INE903U01023
NSE,SIGNPOST,EQ,INE0KGZ01021
NSE,SIKKO,BE,INE112X01025
NSE,SIL,EQ,INE173A01025
NSE,SILGO,EQ,INE01II01013
NSE,SILGO-RE1,BE,INE01II20021
NSE,SILINV,EQ,INE923A01015
NSE,SILLYMONKS,BE,INE203Y01012
NSE,SILVERTUC,EQ,INE625X01018
NSE,SIMBHALS,BZ,INE748T01016
NSE,SIMPLEXINF,EQ,INE059B01024
NSE,SINCLAIR,EQ,INE985A01022
NSE,SINDHUTRAD,EQ,INE325D01025
NSE,SINTERCOM,EQ,INE129Z01016
NSE,SIRCA,EQ,INE792Z01011
NSE,SIS,EQ,INE285J01028
NSE,SITINET,BZ,INE965H01011
NSE,SIYSIL,EQ,INE076B01028
NSE,SJS,EQ,INE284S01014
NSE,SJVN,EQ,INE002L01015
NSE,SKFINDIA,EQ,INE640A01023
NSE,SKFINDUS,EQ,INE2J8701016
NSE,SKIPPER,EQ,INE439E01022
NSE,SKMEGGPROD,EQ,INE411D01023
NSE,SKYGOLD,EQ,INE01IU01018
NSE,SMARTLINK,EQ,INE178C01020
NSE,SMARTWORKS,EQ,INE0NAZ01010
NSE,SMCGLOBAL,EQ,INE103C01036
NSE,SMLMAH,EQ,INE294B01019
NSE,SMLT,EQ,INE017W01010
NSE,SMSPHARMA,EQ,INE812G01025
NSE,SNOWMAN,EQ,INE734N01019
NSE,SOBHA,EQ,INE671H01015
NSE,SOFTTECH,EQ,INE728Z01015
NSE,SOLARA,EQ,INE624Z01016
NSE,SOLARINDS,EQ,INE343H01029
NSE,SOLARWORLD,EQ,INE0TY101024
NSE,SOLEX,EQ,INE880Y01017
NSE,SOMANYCERA,EQ,INE355A01028
NSE,SOMATEX,BE,INE314C01013
NSE,SOMICONVEY,EQ,INE323J01019
NSE,SONACOMS,EQ,INE073K01018
NSE,SONAMLTD,EQ,INE00LM01029
NSE,SONATSOFTW,EQ,INE269A01021
NSE,SOTL,EQ,INE035D01020
NSE,SOUTHBANK,EQ,INE683A01023
NSE,SOUTHWEST,BE,INE980Y01015
NSE,SPAL,EQ,INE212I01016
NSE,SPANDANA,EQ,INE572J01011
NSE,SPARC,EQ,INE232I01014
NSE,SPCENET,BE,INE970N01027
NSE,SPECIALITY,EQ,INE247M01014
NSE,SPECTRUM,EQ,INE01EO01010
NSE,SPENCERS,EQ,INE020801028
NSE,SPIC,EQ,INE147A01011
NSE,SPLIL,EQ,INE978G01016
NSE,SPLPETRO,EQ,INE663A01033
NSE,SPMLINFRA,EQ,INE937A01023
NSE,SPORTKING,EQ,INE885H01029
NSE,SRD,EQ,INE01NE01012
NSE,SREEL,EQ,INE099F01013
NSE,SRF,EQ,INE647A01010
NSE,SRGHFL,EQ,INE559N01010
NSE,SRHHYPOLTD,EQ,INE917H01012
NSE,SRM,EQ,INE0R6Z01013
NSE,SRPL,BZ,INE008Z01020
NSE,SSDL,EQ,INE0PQ101010
NSE,SSWL,EQ,INE802C01033
NSE,STALLION,BE,INE0RYC01010
NSE,STANLEY,EQ,INE01A001028
NSE,STAR,EQ,INE939A01011
NSE,STARCEMENT,EQ,INE460H01021
NSE,STARHEALTH,EQ,INE575P01011
NSE,STARPAPER,EQ,INE733A01018
NSE,STARTECK,EQ,INE992I01013
NSE,STCINDIA,EQ,INE655A01013
NSE,STEELCAS,EQ,INE124E01038
NSE,STEELCITY,EQ,INE395H01011
NSE,STEELXIND,EQ,INE503B01021
NSE,STEL,EQ,INE577L01016
NSE,STERTOOLS,EQ,INE334A01023
NSE,STLNETWORK,EQ,INE1VXE01018
NSE,STLTECH,EQ,INE089C01029
NSE,STOVEKRAFT,EQ,INE00IN01015
NSE,STUDDS,EQ,INE00Q601028
NSE,STYL,EQ,INE04VU01023
NSE,STYLAMIND,EQ,INE239C01020
NSE,STYLEBAAZA,EQ,INE01FR01028
NSE,STYRENIX,EQ,INE189B01011
NSE,SUBEXLTD,EQ,INE754A01055
NSE,SUBROS,EQ,INE287B01021
NSE,SUDARSCHEM,EQ,INE659A01023
NSE,SUDEEPPHRM,EQ,INE0QPI01025
NSE,SUKHJITS,EQ,INE450E01029
NSE,SULA,EQ,INE142Q01026
NSE,SUMEETINDS,EQ,INE235C01036
NSE,SUMICHEM,EQ,INE258G01013
NSE,SUMIT,EQ,INE748Z01013
NSE,SUMMITSEC,EQ,INE519C01017
NSE,SUNCLAY,EQ,INE0Q3R01026
NSE,SUNDARAM,EQ,INE108E01023
NSE,SUNDARMFIN,EQ,INE660A01013
NSE,SUNDRMBRAK,EQ,INE073D01013
NSE,SUNDRMFAST,EQ,INE387A01021
NSE,SUNDROP,EQ,INE209A01019
NSE,SUNFLAG,EQ,INE947A01014
NSE,SUNPHARMA,EQ,INE044A01036
NSE,SUNTECK,EQ,INE805D01034
NSE,SUNTV,EQ,INE424H01027
NSE,SUPERHOUSE,EQ,INE712B01010
NSE,SUPERSPIN,EQ,INE662A01027
NSE,SUPRAJIT,EQ,INE399C01030
NSE,SUPREME,EQ,INE822E01011
NSE,SUPREMEIND,EQ,INE195A01028
NSE,SUPREMEINF,BZ,INE550H01011
NSE,SUPRIYA,EQ,INE07RO01027
NSE,SURAJEST,EQ,INE843S01025
NSE,SURAJLTD,EQ,INE713C01016
NSE,SURAKSHA,EQ,INE877V01027
NSE,SURANASOL,EQ,INE272L01022
NSE,SURANAT&P,EQ,INE130B01031
NSE,SURYALAXMI,EQ,INE713B01026
NSE,SURYAROSNI,EQ,INE335A01020
NSE,SURYODAY,EQ,INE428Q01011
NSE,SUTLEJTEX,EQ,INE645H01027
NSE,SUVEN,EQ,INE495B01038
NSE,SUVIDHAA,EQ,INE018401013
NSE,SUYOG,EQ,INE442P01014
NSE,SUZLON,EQ,INE040H01021
NSE,SVLL,EQ,INE00CE01017
NSE,SVPGLOB,BE,INE308E01029
NSE,SWANCORP,EQ,INE665A01038
NSE,SWARAJENG,EQ,INE277A01016
NSE,SWELECTES,EQ,INE409B01013
NSE,SWIGGY,EQ,INE00H001014
NSE,SWSOLAR,EQ,INE00M201021
NSE,SYMPHONY,EQ,INE225D01027
NSE,SYNCOMF,EQ,INE312C01025
NSE,SYNGENE,EQ,INE398R01022
NSE,SYRMA,EQ,INE0DYJ01015
NSE,SYSTMTXC,EQ,INE356B01024
NSE,TAINWALCHM,EQ,INE123C01018
NSE,TAJGVK,EQ,INE586B01026
NSE,TAKE,BE,INE142I01023
NSE,TALBROAUTO,EQ,INE187D01029
NSE,TANLA,EQ,INE483C01032
NSE,TARACHAND,EQ,INE555Z01020
NSE,TARAPUR,BE,INE747K01017
NSE,TARC,EQ,INE0EK901012
NSE,TARIL,EQ,INE763I01026
NSE,TARMAT,EQ,INE924H01018
NSE,TARSONS,EQ,INE144Z01023
NSE,TASTYBITE,EQ,INE488B01017
NSE,TATACAP,EQ,INE976I01016
NSE,TATACHEM,EQ,INE092A01019
NSE,TATACOMM,EQ,INE151A01013
NSE,TATACONSUM,EQ,INE192A01025
NSE,TATAELXSI,EQ,INE670A01012
NSE,TATAINVEST,EQ,INE672A01026
NSE,TATAPOWER,EQ,INE245A01021
NSE,TATASTEEL,EQ,INE081A01020
NSE,TATATECH,EQ,INE142M01025
NSE,TATVA,EQ,INE0GK401011
NSE,TBOTEK,EQ,INE673O01025
NSE,TBZ,EQ,INE760L01018
NSE,TCI,EQ,INE688A01022
NSE,TCIEXP,EQ,INE586V01016
NSE,TCIFINANCE,BE,INE911B01018
NSE,TCPLPACK,EQ,INE822C01015
NSE,TCS,EQ,INE467B01029
NSE,TDPOWERSYS,EQ,INE419M01027
NSE,TEAMGTY,EQ,INE289C01025
NSE,TEAMLEASE,EQ,INE985S01024
NSE,TECHM,EQ,INE669C01036
NSE,TECHNOE,EQ,INE285K01026
NSE,TECILCHEM,EQ,INE014B01011
NSE,TEGA,EQ,INE011K01018
NSE,TEJASNET,EQ,INE010J01012
NSE,TEMBO,EQ,INE869Y01010
NSE,TENNIND,EQ,INE19RI01016
NSE,TERASOFT,BE,INE482B01010
NSE,TEXINFRA,EQ,INE435C01024
NSE,TEXMOPIPES,EQ,INE141K01013
NSE,TEXRAIL,EQ,INE621L01012
NSE,TFCILTD,EQ,INE305A01023
NSE,TFL,EQ,INE804H01012
NSE,TGBHOTELS,EQ,INE797H01018
NSE,THANGAMAYL,EQ,INE085J01014
NSE,THEINVEST,EQ,INE924D01017
NSE,THEJO,EQ,INE121N01019
NSE,THELEELA,EQ,INE0AQ201015
NSE,THEMISMED,EQ,INE083B01024
NSE,THERMAX,EQ,INE152A01029
NSE,THOMASCOOK,EQ,INE332A01027
NSE,THOMASCOTT,EQ,INE480M01011
NSE,THYROCARE,EQ,INE594H01019
NSE,TI,EQ,INE133E01013
NSE,TICL,BE,INE388G01026
NSE,TIGERLOGS,EQ,INE906O01029
NSE,TIIL,EQ,INE545H01011
NSE,TIINDIA,EQ,INE974X01010
NSE,TIJARIA,EQ,INE440L01017
NSE,TIL,EQ,INE806C01018
NSE,TIMETECHNO,EQ,INE508G01029
NSE,TIMKEN,EQ,INE325A01013
NSE,TINNARUBR,EQ,INE015C01016
NSE,TIPSFILMS,EQ,INE0LQS01015
NSE,TIPSMUSIC,EQ,INE716B01029
NSE,TIRUMALCHM,EQ,INE338A01024
NSE,TIRUPATIFL,EQ,INE319Y01024
NSE,TITAGARH,EQ,INE615H01020
NSE,TITAN,EQ,INE280A01028
NSE,TMB,EQ,INE668A01016
NSE,TMCV,EQ,INE1TAE01010
NSE,TMPV,EQ,INE155A01022
NSE,TNPETRO,EQ,INE148A01019
NSE,TNPL,EQ,INE107A01015
NSE,TNTELE,EQ,INE141D01018
NSE,TOKYOPLAST,EQ,INE932C01012
NSE,TOLINS,EQ,INE0RWQ01014
NSE,TORNTPHARM,EQ,INE685A01028
NSE,TORNTPOWER,EQ,INE813H01021
NSE,TOTAL,EQ,INE336X01012
NSE,TOUCHWOOD,EQ,INE486Y01013
NSE,TPHQ,EQ,INE065J01024
NSE,TPLPLASTEH,EQ,INE413G01022
NSE,TRACXN,EQ,INE0HMF01019
NSE,TRANSRAILL,EQ,INE454P01035
NSE,TRANSWORLD,EQ,INE757B01015
NSE,TRAVELFOOD,EQ,INE103V01028
NSE,TREEHOUSE,EQ,INE040M01013
NSE,TREJHARA,BE,INE00CA01015
NSE,TREL,EQ,INE0O3901029
NSE,TRENT,EQ,INE849A01020
NSE,TRF,EQ,INE391D01019
NSE,TRIDENT,EQ,INE064C01022
NSE,TRIGYN,EQ,INE948A01012
NSE,TRITURBINE,EQ,INE152M01016
NSE,TRIVENI,EQ,INE256C01024
NSE,TRU,EQ,INE615R01029
NSE,TRUALT,EQ,INE0MWH01014
NSE,TSFINV,EQ,INE202Z01029
NSE,TTKHLTCARE,EQ,INE910C01018
NSE,TTKPRESTIG,EQ,INE690A01028
NSE,TTL,EQ,INE592B01024
NSE,TTML,EQ,INE517B01013
NSE,TVSELECT,BE,INE236G01019
NSE,TVSHLTD,EQ,INE105A01035
NSE,TVSMOTOR,EQ,INE494B01023
NSE,TVSSCS,EQ,INE395N01027
NSE,TVSSRICHAK,EQ,INE421C01016
NSE,TVTODAY,EQ,INE038F01029
NSE,TVVISION,BE,INE871L01013
NSE,UBL,EQ,INE686F01025
NSE,UCAL,EQ,INE139B01016
NSE,UCOBANK,EQ,INE691A01018
NSE,UDS,EQ,INE851I01011
NSE,UFBL,EQ,INE382M01027
NSE,UFLEX,EQ,INE516A01017
NSE,UFO,EQ,INE527H01019
NSE,UGARSUGAR,EQ,INE071E01023
NSE,UGROCAP,EQ,INE583D01011
NSE,UJJIVANSFB,EQ,INE551W01018
NSE,ULTRACEMCO,EQ,INE481G01011
NSE,UMAEXPORTS,EQ,INE0GIU01018
NSE,UMESLTD,EQ,INE240C01028
NSE,UMIYA-MRO,EQ,INE398B01018
NSE,UNICHEMLAB,EQ,INE351A01035
NSE,UNIDT,EQ,INE961D01019
NSE,UNIECOM,EQ,INE00U401027
NSE,UNIENTER,EQ,INE037A01022
NSE,UNIINFO,EQ,INE481Z01011
NSE,UNIMECH,EQ,INE0U3I01011
NSE,UNIONBANK,EQ,INE692A01016
NSE,UNIPARTS,EQ,INE244O01017
NSE,UNITDSPR,EQ,INE854D01024
NSE,UNITECH,EQ,INE694A01020
NSE,UNITEDPOLY,BE,INE368U01029
NSE,UNITEDTEA,EQ,INE458F01011
NSE,UNIVASTU,EQ,INE562X01013
NSE,UNIVCABLES,EQ,INE279A01012
NSE,UNIVPHOTO,EQ,INE03V001013
NSE,UNOMINDA,EQ,INE405E01023
NSE,UPL,EQ,INE628A01036
NSE,URAVIDEF,EQ,INE568Z01015
NSE,URBANCO,EQ,INE0CAZ01013
NSE,URJA,EQ,INE550C01020
NSE,USHAMART,EQ,INE228A01035
NSE,USK,EQ,INE0N0Y01013
NSE,UTIAMC,EQ,INE094J01016
NSE,UTKARSHBNK,EQ,INE735W01017
NSE,UTLSOLAR,EQ,INE12UR01024
NSE,UTTAMSUGAR,EQ,INE786F01031
NSE,UYFINCORP,BE,INE152C01025
NSE,V2RETAIL,EQ,INE945H01013
NSE,VADILALIND,EQ,INE694D01016
NSE,VAIBHAVGBL,EQ,INE884A01027
NSE,VAISHALI,EQ,INE972X01022
NSE,VAKRANGEE,EQ,INE051B01021
NSE,VALIANTLAB,EQ,INE0JWS01017
NSE,VALIANTORG,EQ,INE565V01010
NSE,VARDHACRLC,EQ,INE116G01013
NSE,VARDMNPOLY,EQ,INE835A01029
NSE,VARROC,EQ,INE665L01035
NSE,VASCONEQ,EQ,INE893I01013
NSE,VASWANI,EQ,INE590L01019
NSE,VBL,EQ,INE200M01039
NSE,VCL,BE,INE098201036
NSE,VEDL,EQ,INE205A01025
NSE,VEEDOL,EQ,INE484C01030
NSE,VENKEYS,EQ,INE398A01010
NSE,VENTIVE,EQ,INE781S01027
NSE,VENUSPIPES,EQ,INE0JA001018
NSE,VENUSREM,BE,INE411B01019
NSE,VERANDA,EQ,INE0IQ001011
NSE,VERTOZ,EQ,INE188Y01031
NSE,VESUVIUS,EQ,INE386A01023
NSE,VETO,EQ,INE918N01018
NSE,VGL,EQ,INE273D01019
NSE,VGUARD,EQ,INE951I01027
NSE,VHL,EQ,INE701A01023
NSE,VHLTD,BE,INE048C01025
NSE,VIDHIING,EQ,INE632C01026
NSE,VIDYAWIRES,EQ,INE14UN01029
NSE,VIJAYA,EQ,INE043W01024
NSE,VIJIFIN,EQ,INE159N01027
NSE,VIKASECO,EQ,INE806A01020
NSE,VIKASLIFE,EQ,INE161L01027
NSE,VIKRAMSOLR,EQ,INE078V01014
NSE,VIKRAN,EQ,INE01R501028
NSE,VIMTALABS,EQ,INE579C01029
NSE,VINATIORGA,EQ,INE410B01037
NSE,VINCOFE,EQ,INE498Q01014
NSE,VINDHYATEL,EQ,INE707A01012
NSE,VINEET-RE,BE,INE505Y20010
NSE,VINEETLAB,EQ,INE505Y01010
NSE,VINNY,EQ,INE01KI01027
NSE,VINYLINDIA,EQ,INE250B01029
NSE,VIPCLOTHNG,EQ,INE450G01024
NSE,VIPIND,EQ,INE054A01027
NSE,VIPULLTD,BE,INE946H01037
NSE,VIRINCHI,EQ,INE539B01017
NSE,VISAKAIND,EQ,INE392A01021
NSE,VISASTEEL,BE,INE286H01012
NSE,VISHNU,EQ,INE270I01022
NSE,VISHWARAJ,EQ,INE430N01022
NSE,VIVIDHA,EQ,INE370E01029
NSE,VIVIMEDLAB,EQ,INE526G01021
NSE,VLEGOV,EQ,INE03HW01020
NSE,VLSFINANCE,EQ,INE709A01018
NSE,VMART,EQ,INE665J01013
NSE,VMM,EQ,INE01EA01019
NSE,VMSTMT,EQ,INE0SJA01013
NSE,VOLTAMP,EQ,INE540H01012
NSE,VOLTAS,EQ,INE226A01021
NSE,VPRPL,EQ,INE0AE001013
NSE,VRAJ,EQ,INE0S2V01010
NSE,VRLLOG,EQ,INE366I01010
NSE,VSSL,EQ,INE050M01012
NSE,VSTIND,EQ,INE710A01016
NSE,VSTL,EQ,INE0QTF01015
NSE,VSTTILLERS,EQ,INE764D01017
NSE,VTL,EQ,INE825A01020
NSE,WAAREEENER,EQ,INE377N01017
NSE,WAAREEINDO,BE,INE866K01023
NSE,WAAREERTL,EQ,INE299N01021
NSE,WABAG,EQ,INE956G01038
NSE,WAKEFIT,EQ,INE0E7301029
NSE,WALCHANNAG,EQ,INE711A01022
NSE,WANBURY,EQ,INE107F01022
NSE,WCIL,EQ,INE0CJF01024
NSE,WEALTH,EQ,INE658T01017
NSE,WEBELSOLAR,EQ,INE855C01023
NSE,WEIZMANIND,EQ,INE080A01014
NSE,WEL,EQ,INE02WG01024
NSE,WELCORP,EQ,INE191B01025
NSE,WELENT,EQ,INE625G01013
NSE,WELINV,EQ,INE389K01018
NSE,WELSPUNLIV,EQ,INE192B01031
NSE,WENDT,EQ,INE274C01019
NSE,WESTLIFE,EQ,INE274F01020
NSE,WEWIN,BE,INE082W01014
NSE,WEWORK,EQ,INE085001019
NSE,WHEELS,EQ,INE715A01015
NSE,WHIRLPOOL,EQ,INE716A01013
NSE,WILLAMAGOR,EQ,INE210A01017
NSE,WINDLAS,EQ,INE0H5O01029
NSE,WINDMACHIN,EQ,INE052A01021
NSE,WINSOME,BZ,INE784B01035
NSE,WIPL,EQ,INE215F01023
NSE,WIPRO,EQ,INE075A01022
NSE,WOCKPHARMA,EQ,INE049B01025
NSE,WONDERLA,EQ,INE066O01014
NSE,WORTHPERI,EQ,INE196Y01018
NSE,WSI,EQ,INE100D01014
NSE,WSTCSTPAPR,EQ,INE976A01021
NSE,XCHANGING,EQ,INE692G01013
NSE,XELPMOC,BE,INE01P501012
NSE,XPROINDIA,EQ,INE445C01015
NSE,XTGLOBAL,EQ,INE547B01028
NSE,YASHO,EQ,INE616Z01012
NSE,YATHARTH,EQ,INE0JO301016
NSE,YATRA,EQ,INE0JR601024
NSE,YESBANK,EQ,INE528G01035
NSE,YUKEN,EQ,INE384C01016
NSE,ZAGGLE,EQ,INE07K301024
NSE,ZEEL,EQ,INE256A01028
NSE,ZEELEARN,EQ,INE565L01011
NSE,ZEEMEDIA,EQ,INE966H01019
NSE,ZENITHEXPO,EQ,INE058B01018
NSE,ZENITHSTL,EQ,INE318D01020
NSE,ZENSARTECH,EQ,INE520A01027
NSE,ZENTEC,EQ,INE251B01027
NSE,ZFCVINDIA,EQ,INE342J01019
NSE,ZIMLAB,EQ,INE518E01015
NSE,ZODIAC,EQ,INE761Y01019
NSE,ZODIACLOTH,EQ,INE206B01013
NSE,ZOTA,EQ,INE358U01012
NSE,ZUARI,EQ,INE840M01016
NSE,ZUARIIND,EQ,INE217A01012
NSE,ZYDUSLIFE,EQ,INE010B01027
NSE,ZYDUSWELL,EQ,INE768C01028
