,SOURCE,SYMBOL,SERIES,ISIN_NUMBER
0,NSE,20MICRONS,EQ,INE144J01027
1,NSE,PIRAMALFIN,EQ,INE202B01038
2,NSE,PIONEEREMB,EQ,INE156C01018
3,NSE,PINELABS,EQ,INE15B701018
4,NSE,PILITA,EQ,INE600A01035
5,NSE,PILANIINVS,EQ,INE417C01014
6,NSE,PIIND,EQ,INE603J01030
7,NSE,PIGL,EQ,INE557Z01018
8,NSE,PIDILITIND,EQ,INE318A01026
9,NSE,PICCADIL,EQ,INE546C01010
10,NSE,PHOENIXLTD,EQ,INE211B01039
11,NSE,PGIL,EQ,INE940H01022
12,NSE,PGHL,EQ,INE199A01012
13,NSE,PGHH,EQ,INE179A01014
14,NSE,PGEL,EQ,INE457L01029
15,NSE,PITTIENG,EQ,INE450D01021
16,NSE,PFS,EQ,INE560K01014
17,NSE,PFIZER,EQ,INE182A01018
18,NSE,PFC,EQ,INE134E01011
19,NSE,PETRONET,EQ,INE347G01014
20,NSE,PERSISTENT,EQ,INE262H01021
21,NSE,PENINLAND,EQ,INE138A01028
22,NSE,PENIND,EQ,INE932A01024
23,NSE,PEARLPOLY,EQ,INE844A01013
24,NSE,PDSL,EQ,INE111Q01021
25,NSE,PDMJEPAPER,EQ,INE865T01018
26,NSE,PCJEWELLER,EQ,INE785M01021
27,NSE,PCBL,EQ,INE602A01031
28,NSE,PAYTM,EQ,INE982J01020
29,NSE,PAVNAIND,EQ,INE07S101038
30,NSE,PAUSHAKLTD,EQ,INE111F01024
31,NSE,PFOCUS,EQ,INE367G01038
32,NSE,PATINTLOG,EQ,INE529D01014
33,NSE,PIXTRANS,EQ,INE751B01018
34,NSE,PLASTIBLEN,EQ,INE083C01022
35,NSE,PRECAM,EQ,INE484I01029
36,NSE,PRAXIS,EQ,INE546Y01022
37,NSE,PRAKASHSTL,BE,INE696K01024
38,NSE,PRAKASH,EQ,INE603A01013
39,NSE,PRAJIND,EQ,INE074A01025
40,NSE,PRAENG,BE,INE505C01016
41,NSE,PRABHA,EQ,INE0I0M01023
42,NSE,PPLPHARMA,EQ,INE0DK501011
43,NSE,PPL,EQ,INE050001010
44,NSE,PPAP,EQ,INE095I01015
45,NSE,POWERMECH,EQ,INE211R01019
46,NSE,POWERINDIA,EQ,INE07Y701011
47,NSE,POWERGRID,EQ,INE752E01010
48,NSE,POONAWALLA,EQ,INE511C01022
49,NSE,PKTEA,EQ,INE431F01018
50,NSE,PONNIERODE,EQ,INE838E01017
51,NSE,POLYMED,EQ,INE205C01021
52,NSE,POLYCAB,EQ,INE455K01017
53,NSE,POLICYBZR,EQ,INE417T01026
54,NSE,POKARNA,EQ,INE637C01025
55,NSE,PODDARMENT,EQ,INE371C01013
56,NSE,POCL,EQ,INE063E01053
57,NSE,PNGJL,EQ,INE953R01016
58,NSE,PNCINFRA,EQ,INE195J01029
59,NSE,PNC,EQ,INE392B01011
60,NSE,PNBHOUSING,EQ,INE572E01012
61,NSE,PNBGILTS,EQ,INE859A01011
62,NSE,PNB,EQ,INE160A01022
63,NSE,PLAZACABLE,EQ,INE0INJ01017
64,NSE,PLATIND,EQ,INE0PT501018
65,NSE,POLYPLEX,EQ,INE633B01018
66,NSE,PATELRMART,EQ,INE0R8B01010
67,NSE,PATELENG,EQ,INE244B01030
68,NSE,PATANJALI,EQ,INE619A01035
69,NSE,ORIENTCEM,EQ,INE876N01018
70,NSE,ORIENTBELL,EQ,INE607D01018
71,NSE,ORIENTALTL,EQ,INE998H01012
72,NSE,ORICONENT,BE,INE730A01022
73,NSE,ORCHPHARMA,EQ,INE191A01027
74,NSE,ORCHASP,EQ,INE215B01022
75,NSE,ORBTEXP,EQ,INE231G01010
76,NSE,OPTIEMUS,EQ,INE350C01017
77,NSE,ONWARDTEC,EQ,INE229A01017
78,NSE,ONMOBILE,EQ,INE809I01019
79,NSE,ONGC,EQ,INE213A01029
80,NSE,ONESOURCE,EQ,INE013P01021
81,NSE,ONEPOINT,EQ,INE840Y01029
82,NSE,ONELIFECAP,BE,INE912L01015
83,NSE,ORIENTCER,EQ,INE569C01020
84,NSE,OMINFRAL,EQ,INE239D01028
85,NSE,OMAXE,EQ,INE800H01010
86,NSE,OMAXAUTO,EQ,INE090B01011
87,NSE,OLECTRA,EQ,INE260D01016
88,NSE,OLAELEC,EQ,INE0LXG01040
89,NSE,OILCOUNTUB,EQ,INE591A01010
90,NSE,OIL,EQ,INE274J01014
91,NSE,OFSS,EQ,INE881D01027
92,NSE,ODIGMA,EQ,INE054301028
93,NSE,OCCLLTD,EQ,INE0PK601023
94,NSE,OBEROIRLTY,EQ,INE093I01010
95,NSE,OBCL,EQ,INE426Z01016
96,NSE,OAL,EQ,INE959C01023
97,NSE,NYKAA,EQ,INE388Y01029
98,NSE,NUVOCO,EQ,INE118D01016
99,NSE,OMFREIGHT,EQ,INE1BZC01019
100,NSE,ORIENTELEC,EQ,INE142Z01019
101,NSE,ORIENTHOT,EQ,INE750A01020
102,NSE,ORIENTLTD,EQ,INE609C01024
103,NSE,PASUPTAC,EQ,INE818B01023
104,NSE,PASHUPATI,EQ,INE124Y01010
105,NSE,PARSVNATH,EQ,INE561H01026
106,NSE,PARKHOTELS,EQ,INE988S01028
107,NSE,PARKHOSPS,EQ,INE119201023
108,NSE,PARASPETRO,EQ,INE162C01024
109,NSE,PARAS,EQ,INE045601023
110,NSE,PARAGMILK,EQ,INE883N01014
111,NSE,PARADEEP,EQ,INE088F01024
112,NSE,PARACABLES,EQ,INE074B01023
113,NSE,PAR,EQ,INE04LG01015
114,NSE,PANSARI,BE,INE697V01011
115,NSE,PANAMAPET,EQ,INE305C01029
116,NSE,PANACHE,EQ,INE895W01019
117,NSE,PANACEABIO,EQ,INE922B01023
118,NSE,PALREDTEC,EQ,INE218G01033
119,NSE,PALASHSECU,EQ,INE471W01019
120,NSE,ORIENTPPR,EQ,INE592A01026
121,NSE,ORIENTTECH,EQ,INE0PPK01015
122,NSE,ORISSAMINE,EQ,INE725E01024
123,NSE,ORKLAINDIA,EQ,INE16NZ01023
124,NSE,ORTINGLOBE,BE,INE749B01020
125,NSE,OSIAHYPER,EQ,INE06IR01021
126,NSE,PRECOT,EQ,INE283A01014
127,NSE,OSWALAGRO,EQ,INE142A01012
128,NSE,OSWALPUMPS,EQ,INE0BYP01024
129,NSE,OSWALSEEDS,EQ,INE00IK01029
130,NSE,PACEDIGITK,EQ,INE0S3G01027
131,NSE,PAGEIND,EQ,INE761H01022
132,NSE,PAISALO,EQ,INE420C01059
133,NSE,PAKKA,EQ,INE551D01018
134,NSE,OSWALGREEN,EQ,INE143A01010
135,NSE,NUVAMA,EQ,INE531F01023
136,NSE,PRECWIRE,EQ,INE372C01037
137,NSE,PREMIER,BE,INE342A01018
138,NSE,RKDL,EQ,INE722J01012
139,NSE,RITES,EQ,INE320J01015
140,NSE,RITCO,EQ,INE01EG01016
141,NSE,RISHABH,EQ,INE0N2P01017
142,NSE,RIIL,EQ,INE046A01015
143,NSE,RICOAUTO,EQ,INE209B01025
144,NSE,RHL,EQ,INE508K01013
145,NSE,RHIM,EQ,INE743M01012
146,NSE,RHETAN,EQ,INE0KKN01029
147,NSE,RGL,EQ,INE722H01024
148,NSE,RETAIL,EQ,INE03DD01011
149,NSE,RESPONIND,EQ,INE688D01026
150,NSE,REPRO,EQ,INE461B01014
151,NSE,REPL,EQ,INE364Z01019
152,NSE,RKEC,EQ,INE786W01010
153,NSE,REPCOHOME,EQ,INE612J01015
154,NSE,REMSONSIND,EQ,INE474C01023
155,NSE,RELTD,EQ,INE206N01018
156,NSE,RELIGARE,EQ,INE621H01010
157,NSE,RELIANCE,EQ,INE002A01018
158,NSE,RELIABLE,BE,INE375Y01018
159,NSE,RELCHEMQ,EQ,INE750D01016
160,NSE,RELAXO,EQ,INE131B01039
161,NSE,REGENCERAM,EQ,INE277C01012
162,NSE,REGAAL,EQ,INE0MHO01029
163,NSE,REFEX,EQ,INE056I01025
164,NSE,REDTAPE,EQ,INE0LXT01019
165,NSE,REDINGTON,EQ,INE891D01026
166,NSE,RECLTD,EQ,INE020B01018
167,NSE,RCOM,BE,INE330H01018
168,NSE,RENUKA,EQ,INE087H01022
169,NSE,RCF,EQ,INE027A01015
170,NSE,RKFORGE,EQ,INE399G01023
171,NSE,RMDRIP,EQ,INE219Y01026
172,NSE,RUDRA,EQ,INE027T01023
173,NSE,RUCHIRA,EQ,INE803H01014
174,NSE,RUCHINFRA,EQ,INE413B01023
175,NSE,RUBYMILLS,EQ,INE301D01026
176,NSE,RUBICON,EQ,INE506V01022
177,NSE,RUBFILA,EQ,INE642C01025
178,NSE,RTNPOWER,EQ,INE399K01017
179,NSE,RTNINDIA,EQ,INE834M01019
180,NSE,RSYSTEMS,EQ,INE411H01032
181,NSE,RSWM,EQ,INE611A01016
182,NSE,RSSOFTWARE,EQ,INE165B01029
183,NSE,RRKABEL,EQ,INE777K01022
184,NSE,RPTECH,EQ,INE0J1F01024
185,NSE,RPSGVENT,EQ,INE425Y01011
186,NSE,RKSWAMY,EQ,INE0NQ801033
187,NSE,RPPL,EQ,INE760W01023
188,NSE,RPOWER,EQ,INE614G01033
189,NSE,RPGLIFE,EQ,INE105J01010
190,NSE,RPEL,EQ,INE912T01018
191,NSE,ROUTE,EQ,INE450U01017
192,NSE,ROTO,EQ,INE535D01037
193,NSE,ROSSTECH,EQ,INE0OJW01016
194,NSE,ROSSELLIND,EQ,INE847C01020
195,NSE,ROSSARI,EQ,INE02A801020
196,NSE,ROML,EQ,INE294G01026
197,NSE,ROLLT,BE,INE927A01040
198,NSE,ROLEXRINGS,EQ,INE645S01024
199,NSE,ROHLTD,EQ,INE283H01019
200,NSE,RNBDENIMS,EQ,INE012Q01021
201,NSE,RML,EQ,INE050H01012
202,NSE,RPPINFRA,EQ,INE324L01013
203,NSE,RBZJEWEL,EQ,INE0PEQ01016
204,NSE,RBLBANK,EQ,INE976G01028
205,NSE,RBA,EQ,INE07T201019
206,NSE,QUADFUTURE,EQ,INE0LRY01011
207,NSE,QPOWER,EQ,INE0SII01026
208,NSE,PYRAMID,EQ,INE0MIS01010
209,NSE,PWL,EQ,INE0LP301011
210,NSE,PVSL,EQ,INE772T01024
211,NSE,PVRINOX,EQ,INE191H01014
212,NSE,PVP,BE,INE362A01016
213,NSE,PURVA,EQ,INE323I01011
214,NSE,PUNJABCHEM,EQ,INE277B01014
215,NSE,PTL,EQ,INE034D01049
216,NSE,PTCIL,EQ,INE596F01018
217,NSE,PTC,EQ,INE877F01012
218,NSE,PSPPROJECT,EQ,INE488V01015
219,NSE,PSB,EQ,INE608A01012
220,NSE,QUESS,EQ,INE615P01015
221,NSE,PRUDMOULI,EQ,INE024D01016
222,NSE,PRSMJOHNSN,EQ,INE010A01011
223,NSE,PROZONER,BE,INE195N01013
224,NSE,PROTEAN,EQ,INE004A01022
225,NSE,PROSTARM,EQ,INE0BX301013
226,NSE,PRIVISCL,EQ,INE959A01019
227,NSE,PRITIKAUTO,EQ,INE583R01029
228,NSE,PRITI,EQ,INE974Z01015
229,NSE,PRINCEPIPE,EQ,INE689W01016
230,NSE,PRIMO,EQ,INE607A01022
231,NSE,PRIMESECU,EQ,INE032B01021
232,NSE,PRICOLLTD,EQ,INE726V01018
233,NSE,PRESTIGE,EQ,INE811K01011
234,NSE,PREMIERPOL,EQ,INE309M01020
235,NSE,PREMIERENE,EQ,INE0BS701011
236,NSE,PRUDENT,EQ,INE00F201020
237,NSE,QUICKHEAL,EQ,INE306L01010
238,NSE,RACE,EQ,INE084Q01012
239,NSE,RACLGEAR,EQ,INE704B01017
240,NSE,RAYMONDREL,EQ,INE1SY401010
241,NSE,RAYMONDLSL,EQ,INE02ID01020
242,NSE,RAYMOND,EQ,INE301A01014
243,NSE,RATNAVEER,EQ,INE05CZ01011
244,NSE,RATNAMANI,EQ,INE703B01027
245,NSE,RATEGAIN,EQ,INE0CLI01024
246,NSE,RANEHOLDIN,EQ,INE384A01010
247,NSE,RANASUG,EQ,INE625B01014
248,NSE,RAMRAT,EQ,INE207E01023
249,NSE,RAMKY,EQ,INE874I01013
250,NSE,RAMCOSYS,EQ,INE246B01019
251,NSE,RAMCOIND,EQ,INE614A01028
252,NSE,RAMCOCEM,EQ,INE331A01037
253,NSE,RAMASTEEL,EQ,INE230R01035
254,NSE,RAMAPHO,EQ,INE809A01032
255,NSE,RAMANEWS,EQ,INE278B01020
256,NSE,RALLIS,EQ,INE613A01020
257,NSE,RADAAN,EQ,INE874F01027
258,NSE,RADHIKAJWE,EQ,INE583V01021
259,NSE,RADIANTCMS,EQ,INE855R01021
260,NSE,RADICO,EQ,INE944F01028
261,NSE,RADIOCITY,EQ,INE919I01024
262,NSE,RAILTEL,EQ,INE0DD101019
263,NSE,PREMEXPLN,EQ,INE863B01029
264,NSE,RAIN,EQ,INE855B01025
265,NSE,RAJMET,EQ,INE00KV01022
266,NSE,RAJOOENG,EQ,INE535F01024
267,NSE,RAJRATAN,EQ,INE451D01029
268,NSE,RAJRILTD,BE,INE533D01032
269,NSE,RAJSREESUG,EQ,INE562B01019
270,NSE,RAJTV,EQ,INE952H01027
271,NSE,RAINBOW,EQ,INE961O01016
272,NSE,RUPA,EQ,INE895B01021
273,NSE,NURECA,EQ,INE0DSF01015
274,NSE,NTPCGREEN,EQ,INE0ONG01011
275,NSE,MASKINVEST,BE,INE885F01015
276,NSE,MASFIN,EQ,INE348L01012
277,NSE,MARUTI,EQ,INE585B01010
278,NSE,MARKSANS,EQ,INE750C01026
279,NSE,MARKOLINES,EQ,INE0FW001016
280,NSE,MARINE,EQ,INE01JE01028
281,NSE,MARICO,EQ,INE196A01026
282,NSE,MARATHON,EQ,INE182D01020
283,NSE,MARALOVER,EQ,INE882A01013
284,NSE,MAPMYINDIA,EQ,INE0BV301023
285,NSE,MANYAVAR,EQ,INE825V01034
286,NSE,MANUGRAPH,EQ,INE867A01022
287,NSE,MANORG,EQ,INE370D01013
288,NSE,MANORAMA,EQ,INE00VM01036
289,NSE,MASTEK,EQ,INE759A01021
290,NSE,MANOMAY,BE,INE784W01015
291,NSE,MANINFRA,EQ,INE949H01023
292,NSE,MANINDS,EQ,INE993A01026
293,NSE,MANGLMCEM,EQ,INE347A01017
294,NSE,MANGALAM,BE,INE584F01014
295,NSE,MANCREDIT,EQ,INE545L01039
296,NSE,MANBA,EQ,INE939X01013
297,NSE,MANAPPURAM,EQ,INE522D01027
298,NSE,MANALIPETC,EQ,INE201A01024
299,NSE,MANAKSTEEL,EQ,INE824Q01011
300,NSE,MANAKSIA,EQ,INE015D01022
301,NSE,MANAKCOAT,EQ,INE830Q01018
302,NSE,MANAKALUCO,EQ,INE859Q01017
303,NSE,MAMATA,EQ,INE0TO701015
304,NSE,MALUPAPER,EQ,INE383H01017
305,NSE,MANKIND,EQ,INE634S01028
306,NSE,MALLCOM,EQ,INE389C01015
307,NSE,MASTERTR,EQ,INE677D01037
308,NSE,MAWANASUG,EQ,INE636A01039
309,NSE,MHLXMIRU,EQ,INE112D01035
310,NSE,MGL,EQ,INE002S01010
311,NSE,MGEL,EQ,INE0APB01032
312,NSE,MFSL,EQ,INE180A01020
313,NSE,MFML,EQ,INE0US801024
314,NSE,METROPOLIS,EQ,INE112L01020
315,NSE,METROBRAND,EQ,INE317I01021
316,NSE,MENONBE,EQ,INE071D01033
317,NSE,MEIL,EQ,INE0PKD01011
318,NSE,MEGASTAR,BE,INE00EM01016
319,NSE,MEGASOFT,BE,INE933B01012
320,NSE,MEESHO,EQ,INE0VDM01015
321,NSE,MEDPLUS,EQ,INE804L01022
322,NSE,MEDICO,EQ,INE630Y01024
323,NSE,MATRIMONY,EQ,INE866R01028
324,NSE,MEDICAMEQ,EQ,INE646B01010
325,NSE,MEDANTA,EQ,INE474Q01031
326,NSE,MCX,EQ,INE745G01043
327,NSE,MCLOUD,EQ,INE613C01026
328,NSE,MCLEODRUSS,EQ,INE942G01012
329,NSE,MCL,BE,INE813V01022
330,NSE,MBLINFRA,EQ,INE912H01013
331,NSE,MBEL,EQ,INE08N601015
332,NSE,MBAPL,EQ,INE900L01010
333,NSE,MAZDOCK,EQ,INE249Z01020
334,NSE,MAZDA,EQ,INE885E01042
335,NSE,MAYURUNIQ,EQ,INE040D01038
336,NSE,MAXIND,EQ,INE0CG601016
337,NSE,MAXHEALTH,EQ,INE027H01010
338,NSE,MAXESTATES,EQ,INE03EI01018
339,NSE,MEDIASSIST,EQ,INE456Z01021
340,NSE,MAITHANALL,EQ,INE683C01011
341,NSE,MAHSEAMLES,EQ,INE271B01025
342,NSE,MAHSCOOTER,EQ,INE288A01013
343,NSE,LODHA,EQ,INE670K01029
344,NSE,LMW,EQ,INE269B01029
345,NSE,LLOYDSME,EQ,INE281B01032
346,NSE,LLOYDSENT,EQ,INE080I01025
347,NSE,LLOYDSENGG,EQ,INE093R01011
348,NSE,LINDEINDIA,EQ,INE473A01011
349,NSE,LINCOLN,EQ,INE405C01035
350,NSE,LINC,EQ,INE802B01027
351,NSE,LIKHITHA,EQ,INE060901027
352,NSE,LICI,EQ,INE0J1Y01017
353,NSE,LICHSGFIN,EQ,INE115A01026
354,NSE,LIBERTSHOE,EQ,INE557B01019
355,NSE,LIBAS,EQ,INE908V01012
356,NSE,LGHL,EQ,INE258Y01016
357,NSE,LOKESHMACH,EQ,INE397H01017
358,NSE,LGEINDIA,EQ,INE324D01010
359,NSE,LFIC,EQ,INE850E01012
360,NSE,LEXUS,EQ,INE500X01013
361,NSE,LENSKART,EQ,INE956O01016
362,NSE,LEMONTREE,EQ,INE970X01018
363,NSE,LEMERITE,EQ,INE0G1L01017
364,NSE,LCCINFOTEC,BE,INE938A01021
365,NSE,LAXMIINDIA,EQ,INE06WU01026
366,NSE,LAXMIDENTL,EQ,INE0WO601020
367,NSE,LAXMICOT,EQ,INE801V01019
368,NSE,LAURUSLABS,EQ,INE947Q01028
369,NSE,LATTEYS,BE,INE262Z01023
370,NSE,LATENTVIEW,EQ,INE0I7C01011
371,NSE,LASA,EQ,INE670X01014
372,NSE,LAOPALA,EQ,INE059D01020
373,NSE,LGBBROSLTD,EQ,INE337A01034
374,NSE,LORDSCHLO,EQ,INE846D01012
375,NSE,LOTUSDEV,EQ,INE0V9Q01010
376,NSE,LOTUSEYE,EQ,INE947I01017
377,NSE,MAHLOG,EQ,INE766P01016
378,NSE,MAHLIFE,EQ,INE813A01018
379,NSE,MAHESHWARI,EQ,INE263W01010
380,NSE,MAHEPC,EQ,INE215D01010
381,NSE,MAHASTEEL,BE,INE451L01014
382,NSE,MAHAPEXLTD,EQ,INE843B01013
383,NSE,MAHABANK,EQ,INE457A01014
384,NSE,MAGNUM,EQ,INE387I01016
385,NSE,MAGADSUGAR,EQ,INE347W01011
386,NSE,MADRASFERT,EQ,INE414A01015
387,NSE,MADHUCON,EQ,INE378D01032
388,NSE,MADHAV,EQ,INE925C01016
389,NSE,MACPOWER,EQ,INE155Z01011
390,NSE,MAANALU,BE,INE215I01027
391,NSE,M&MFIN,EQ,INE774D01024
392,NSE,M&M,EQ,INE101A01026
393,NSE,LYPSAGEMS,EQ,INE142K01011
394,NSE,LOVABLE,EQ,INE597L01014
395,NSE,LOYALTEX,EQ,INE970D01010
396,NSE,LPDC,EQ,INE197J01017
397,NSE,LT,EQ,INE018A01030
398,NSE,LTF,EQ,INE498L01015
399,NSE,LTFOODS,EQ,INE818H01020
400,NSE,MHRIL,EQ,INE998I01010
401,NSE,LTIM,EQ,INE214T01019
402,NSE,LUMAXIND,EQ,INE162B01018
403,NSE,LUMAXTECH,EQ,INE872H01027
404,NSE,LUPIN,EQ,INE326A01037
405,NSE,LUXIND,EQ,INE150G01020
406,NSE,LXCHEM,EQ,INE576O01020
407,NSE,LYKALABS,EQ,INE933A01014
408,NSE,LTTS,EQ,INE010V01017
409,NSE,NUCLEUS,EQ,INE096B01018
410,NSE,MICEL,EQ,INE287C01037
411,NSE,MIDWESTLTD,EQ,INE0XAD01024
412,NSE,NGIL,EQ,INE236Y01012
413,NSE,NFL,EQ,INE870D01012
414,NSE,NEXTMEDIA,EQ,INE747B01016
415,NSE,NEWGEN,EQ,INE619B01017
416,NSE,NEULANDLAB,EQ,INE794A01010
417,NSE,NETWORK18,EQ,INE870H01013
418,NSE,NETWEB,EQ,INE0NT901020
419,NSE,NESTLEIND,EQ,INE239A01024
420,NSE,NESCO,EQ,INE317F01035
421,NSE,NEPHROPLUS,EQ,INE428V01029
422,NSE,NEOGEN,EQ,INE136S01016
423,NSE,NELCO,EQ,INE045B01015
424,NSE,NELCAST,EQ,INE189I01024
425,NSE,NECLIFE,BE,INE023H01027
426,NSE,NGLFINE,EQ,INE887E01022
427,NSE,NECCLTD,EQ,INE553C01016
428,NSE,NDRAUTO,EQ,INE07OG01012
429,NSE,NDLVENTURE,EQ,INE353A01023
430,NSE,NDL,EQ,INE875G01048
431,NSE,NDGL,EQ,INE756C01015
432,NSE,NCLIND,EQ,INE732C01016
433,NSE,NCC,EQ,INE868B01028
434,NSE,NBIFIN,EQ,INE365I01020
435,NSE,NBCC,EQ,INE095N01031
436,NSE,NAZARA,EQ,INE418L01047
437,NSE,NAVNETEDUL,EQ,INE060A01024
438,NSE,NAVKARURB,BE,INE268H01044
439,NSE,NAVKARCORP,EQ,INE278M01019
440,NSE,NAVINFLUOR,EQ,INE048G01026
441,NSE,NAVA,EQ,INE725A01030
442,NSE,NDTV,EQ,INE155G01029
443,NSE,NAUKRI,EQ,INE663F01032
444,NSE,NH,EQ,INE410P01011
445,NSE,NIACL,EQ,INE470Y01017
446,NSE,NTPC,EQ,INE733E01010
447,NSE,NSLNISP,EQ,INE0NNS01018
448,NSE,NSIL,EQ,INE023A01030
449,NSE,NRL,EQ,INE0JM501013
450,NSE,NRBBEARING,EQ,INE349A01021
451,NSE,NRAIL,EQ,INE740D01017
452,NSE,NPST,EQ,INE0FFK01017
453,NSE,NOVAAGRI,EQ,INE02H701025
454,NSE,NORTHARC,EQ,INE850M01015
455,NSE,NORBTEAEXP,BE,INE369C01017
456,NSE,NOIDATOLL,EQ,INE781B01015
457,NSE,NOCIL,EQ,INE163A01018
458,NSE,NMDC,EQ,INE584A01023
459,NSE,NLCINDIA,EQ,INE589A01014
460,NSE,NHPC,EQ,INE848E01016
461,NSE,NKIND,EQ,INE542C01019
462,NSE,NITIRAJ,EQ,INE439T01012
463,NSE,NITINSPIN,EQ,INE229H01012
464,NSE,NITCO,EQ,INE858F01012
465,NSE,NIRAJISPAT,EQ,INE326T01011
466,NSE,NIRAJ,EQ,INE368I01016
467,NSE,NIPPOBATRY,EQ,INE567A01028
468,NSE,NINSYS,EQ,INE395U01014
469,NSE,NILKAMAL,EQ,INE310A01015
470,NSE,NILASPACES,EQ,INE00S901012
471,NSE,NILAINFRA,EQ,INE937C01029
472,NSE,NIITMTS,EQ,INE342G01023
473,NSE,NIITLTD,EQ,INE161A01038
474,NSE,NIBL,EQ,INE047O01014
475,NSE,NIBE,EQ,INE149O01018
476,NSE,NIVABUPA,EQ,INE995S01015
477,NSE,NATIONALUM,EQ,INE139A01034
478,NSE,NATHBIOGEN,EQ,INE448G01010
479,NSE,NATCOPHARM,EQ,INE987B01026
480,NSE,MOTISONS,EQ,INE0FRK01020
481,NSE,MOTILALOFS,EQ,INE338I01027
482,NSE,MOTHERSON,EQ,INE775A01035
483,NSE,MOSCHIP,EQ,INE935B01025
484,NSE,MOREPENLAB,EQ,INE083A01026
485,NSE,MONTECARLO,EQ,INE950M01013
486,NSE,MONEYBOXX,EQ,INE296Q01012
487,NSE,MONARCH,EQ,INE903D01011
488,NSE,MOLDTKPAC,EQ,INE893J01029
489,NSE,MOLDTECH,EQ,INE835B01035
490,NSE,MOL,EQ,INE0CT101020
491,NSE,MOKSH,EQ,INE514Y01020
492,NSE,MOIL,EQ,INE490G01020
493,NSE,MOHITIND,EQ,INE954E01012
494,NSE,MOTOGENFIN,EQ,INE861B01023
495,NSE,MODTHREAD,EQ,INE794W01014
496,NSE,MODIS,EQ,INE0L0L01012
497,NSE,MODIRUBBER,EQ,INE832A01018
498,NSE,MODINATUR,EQ,INE537F01012
499,NSE,MOBIKWIK,EQ,INE0HLU01028
500,NSE,MMTC,EQ,INE123F01029
501,NSE,MMP,EQ,INE511Y01018
502,NSE,MMFL,EQ,INE227C01017
503,NSE,MKPL,EQ,INE964W01021
504,NSE,MITTAL,EQ,INE997Y01027
505,NSE,MITCON,EQ,INE828O01033
506,NSE,MIRZAINT,EQ,INE771A01026
507,NSE,MIRCELECTR,EQ,INE831A01028
508,NSE,MINDTECK,EQ,INE110B01017
509,NSE,MINDACORP,EQ,INE842C01021
510,NSE,MODISONLTD,EQ,INE737D01021
511,NSE,MPHASIS,EQ,INE356A01018
512,NSE,MPSLTD,EQ,INE943D01017
513,NSE,MRF,EQ,INE883A01011
514,NSE,NATCAPSUQ,EQ,INE936B01015
515,NSE,NARMADA,EQ,INE117Z01011
516,NSE,NAM-INDIA,EQ,INE298J01013
517,NSE,NAHARSPING,EQ,INE290A01027
518,NSE,NAHARPOLY,EQ,INE308A01027
519,NSE,NAHARINDUS,EQ,INE289A01011
520,NSE,NAHARCAP,EQ,INE049I01012
521,NSE,NAGREEKEXP,EQ,INE123B01028
522,NSE,NAGREEKCAP,BE,INE245I01016
523,NSE,NAGAFERT,EQ,INE454M01024
524,NSE,NACLIND,EQ,INE295D01020
525,NSE,MWL,EQ,INE0JYY01011
526,NSE,MVGJL,EQ,INE0KNT01012
527,NSE,MUTHOOTMF,EQ,INE046W01019
528,NSE,MUTHOOTFIN,EQ,INE414G01012
529,NSE,MUTHOOTCAP,EQ,INE296G01013
530,NSE,MURUDCERA,EQ,INE692B01014
531,NSE,MRPL,EQ,INE103A01014
532,NSE,MSPL,EQ,INE752G01015
533,NSE,MSTCLTD,EQ,INE255X01014
534,NSE,MSUMI,EQ,INE0FS801015
535,NSE,MTARTECH,EQ,INE864I01014
536,NSE,MTEDUCARE,BE,INE472M01018
537,NSE,MIDHANI,EQ,INE099Z01011
538,NSE,MTNL,EQ,INE153A01019
539,NSE,MUFTI,EQ,INE220Q01020
540,NSE,MUKANDLTD,EQ,INE304A01026
541,NSE,MUKKA,EQ,INE0CG401037
542,NSE,MUKTAARTS,EQ,INE374B01019
543,NSE,MUNJALAU,EQ,INE672B01032
544,NSE,MUNJALSHOW,EQ,INE577A01027
545,NSE,MUFIN,EQ,INE08KJ01020
546,NSE,RUSHIL,EQ,INE573K01025
547,NSE,RUSTOMJEE,EQ,INE263M01029
548,NSE,RVHL,EQ,INE09E501017
549,NSE,TVSSCS,EQ,INE395N01027
550,NSE,TVSMOTOR,EQ,INE494B01023
551,NSE,TVSHLTD,EQ,INE105A01035
552,NSE,TVSELECT,BE,INE236G01019
553,NSE,TTML,EQ,INE517B01013
554,NSE,TTL,EQ,INE592B01024
555,NSE,TTKPRESTIG,EQ,INE690A01028
556,NSE,TTKHLTCARE,EQ,INE910C01018
557,NSE,TSFINV,EQ,INE202Z01029
558,NSE,TRUALT,EQ,INE0MWH01014
559,NSE,TRU,EQ,INE615R01029
560,NSE,TRIVENI,EQ,INE256C01024
561,NSE,TRITURBINE,EQ,INE152M01016
562,NSE,TRIGYN,EQ,INE948A01012
563,NSE,TVSSRICHAK,EQ,INE421C01016
564,NSE,TRIDENT,EQ,INE064C01022
565,NSE,TRENT,EQ,INE849A01020
566,NSE,TREL,EQ,INE0O3901029
567,NSE,TREJHARA,BE,INE00CA01015
568,NSE,TREEHOUSE,EQ,INE040M01013
569,NSE,TRAVELFOOD,EQ,INE103V01028
570,NSE,TRANSWORLD,EQ,INE757B01015
571,NSE,TRANSRAILL,EQ,INE454P01035
572,NSE,TRACXN,EQ,INE0HMF01019
573,NSE,TPLPLASTEH,EQ,INE413G01022
574,NSE,TPHQ,EQ,INE065J01024
575,NSE,TOUCHWOOD,EQ,INE486Y01013
576,NSE,TOTAL,EQ,INE336X01012
577,NSE,TORNTPOWER,EQ,INE813H01021
578,NSE,TORNTPHARM,EQ,INE685A01028
579,NSE,TRF,EQ,INE391D01019
580,NSE,TOLINS,EQ,INE0RWQ01014
581,NSE,TVTODAY,EQ,INE038F01029
582,NSE,UBL,EQ,INE686F01025
583,NSE,UPL,EQ,INE628A01036
584,NSE,UNOMINDA,EQ,INE405E01023
585,NSE,UNIVPHOTO,EQ,INE03V001013
586,NSE,UNIVCABLES,EQ,INE279A01012
587,NSE,UNIVASTU,EQ,INE562X01013
588,NSE,UNITEDTEA,EQ,INE458F01011
589,NSE,UNITEDPOLY,BE,INE368U01029
590,NSE,UNITECH,EQ,INE694A01020
591,NSE,UNITDSPR,EQ,INE854D01024
592,NSE,UNIPARTS,EQ,INE244O01017
593,NSE,UNIONBANK,EQ,INE692A01016
594,NSE,UNIMECH,EQ,INE0U3I01011
595,NSE,UNIINFO,EQ,INE481Z01011
596,NSE,UNIENTER,EQ,INE037A01022
597,NSE,TVVISION,BE,INE871L01013
598,NSE,UNIECOM,EQ,INE00U401027
599,NSE,UNICHEMLAB,EQ,INE351A01035
600,NSE,UMIYA-MRO,EQ,INE398B01018
601,NSE,UMESLTD,EQ,INE240C01028
602,NSE,UMAEXPORTS,EQ,INE0GIU01018
603,NSE,ULTRACEMCO,EQ,INE481G01011
604,NSE,UJJIVANSFB,EQ,INE551W01018
605,NSE,UGROCAP,EQ,INE583D01011
606,NSE,UGARSUGAR,EQ,INE071E01023
607,NSE,UFO,EQ,INE527H01019
608,NSE,UFLEX,EQ,INE516A01017
609,NSE,UFBL,EQ,INE382M01027
610,NSE,UDS,EQ,INE851I01011
611,NSE,UCOBANK,EQ,INE691A01018
612,NSE,UCAL,EQ,INE139B01016
613,NSE,UNIDT,EQ,INE961D01019
614,NSE,TOKYOPLAST,EQ,INE932C01012
615,NSE,TNTELE,EQ,INE141D01018
616,NSE,TNPL,EQ,INE107A01015
617,NSE,TERASOFT,BE,INE482B01010
618,NSE,TENNIND,EQ,INE19RI01016
619,NSE,TEMBO,EQ,INE869Y01010
620,NSE,TEJASNET,EQ,INE010J01012
621,NSE,TEGA,EQ,INE011K01018
622,NSE,TECILCHEM,EQ,INE014B01011
623,NSE,TECHNOE,EQ,INE285K01026
624,NSE,TECHM,EQ,INE669C01036
625,NSE,TEAMLEASE,EQ,INE985S01024
626,NSE,TEAMGTY,EQ,INE289C01025
627,NSE,TDPOWERSYS,EQ,INE419M01027
628,NSE,TCS,EQ,INE467B01029
629,NSE,TCPLPACK,EQ,INE822C01015
630,NSE,TCIFINANCE,BE,INE911B01018
631,NSE,TEXINFRA,EQ,INE435C01024
632,NSE,TCIEXP,EQ,INE586V01016
633,NSE,TBZ,EQ,INE760L01018
634,NSE,TBOTEK,EQ,INE673O01025
635,NSE,TATVA,EQ,INE0GK401011
636,NSE,TATATECH,EQ,INE142M01025
637,NSE,TATASTEEL,EQ,INE081A01020
638,NSE,TATAPOWER,EQ,INE245A01021
639,NSE,TATAINVEST,EQ,INE672A01026
640,NSE,TATAELXSI,EQ,INE670A01012
641,NSE,TATACONSUM,EQ,INE192A01025
642,NSE,TATACOMM,EQ,INE151A01013
643,NSE,TATACHEM,EQ,INE092A01019
644,NSE,TATACAP,EQ,INE976I01016
645,NSE,TASTYBITE,EQ,INE488B01017
646,NSE,TARSONS,EQ,INE144Z01023
647,NSE,TCI,EQ,INE688A01022
648,NSE,TEXMOPIPES,EQ,INE141K01013
649,NSE,TEXRAIL,EQ,INE621L01012
650,NSE,TFCILTD,EQ,INE305A01023
651,NSE,TNPETRO,EQ,INE148A01019
652,NSE,TMPV,EQ,INE155A01022
653,NSE,TMCV,EQ,INE1TAE01010
654,NSE,TMB,EQ,INE668A01016
655,NSE,TITAN,EQ,INE280A01028
656,NSE,TITAGARH,EQ,INE615H01020
657,NSE,TIRUPATIFL,EQ,INE319Y01024
658,NSE,TIRUMALCHM,EQ,INE338A01024
659,NSE,TIPSMUSIC,EQ,INE716B01029
660,NSE,TIPSFILMS,EQ,INE0LQS01015
661,NSE,TINNARUBR,EQ,INE015C01016
662,NSE,TIMKEN,EQ,INE325A01013
663,NSE,TIMETECHNO,EQ,INE508G01029
664,NSE,TIL,EQ,INE806C01018
665,NSE,TIJARIA,EQ,INE440L01017
666,NSE,TIINDIA,EQ,INE974X01010
667,NSE,TIIL,EQ,INE545H01011
668,NSE,TFL,EQ,INE804H01012
669,NSE,TGBHOTELS,EQ,INE797H01018
670,NSE,THANGAMAYL,EQ,INE085J01014
671,NSE,THEINVEST,EQ,INE924D01017
672,NSE,THEJO,EQ,INE121N01019
673,NSE,THELEELA,EQ,INE0AQ201015
674,NSE,URAVIDEF,EQ,INE568Z01015
675,NSE,THEMISMED,EQ,INE083B01024
676,NSE,THOMASCOOK,EQ,INE332A01027
677,NSE,THOMASCOTT,EQ,INE480M01011
678,NSE,THYROCARE,EQ,INE594H01019
679,NSE,TI,EQ,INE133E01013
680,NSE,TICL,BE,INE388G01026
681,NSE,TIGERLOGS,EQ,INE906O01029
682,NSE,THERMAX,EQ,INE152A01029
683,NSE,TARMAT,EQ,INE924H01018
684,NSE,URBANCO,EQ,INE0CAZ01013
685,NSE,USHAMART,EQ,INE228A01035
686,NSE,WINDLAS,EQ,INE0H5O01029
687,NSE,WILLAMAGOR,EQ,INE210A01017
688,NSE,WHIRLPOOL,EQ,INE716A01013
689,NSE,WHEELS,EQ,INE715A01015
690,NSE,WEWORK,EQ,INE085001019
691,NSE,WEWIN,BE,INE082W01014
692,NSE,WESTLIFE,EQ,INE274F01020
693,NSE,WENDT,EQ,INE274C01019
694,NSE,WELSPUNLIV,EQ,INE192B01031
695,NSE,WELINV,EQ,INE389K01018
696,NSE,WELENT,EQ,INE625G01013
697,NSE,WELCORP,EQ,INE191B01025
698,NSE,WEL,EQ,INE02WG01024
699,NSE,WEIZMANIND,EQ,INE080A01014
700,NSE,WINDMACHIN,EQ,INE052A01021
701,NSE,WEBELSOLAR,EQ,INE855C01023
702,NSE,WCIL,EQ,INE0CJF01024
703,NSE,WANBURY,EQ,INE107F01022
704,NSE,WALCHANNAG,EQ,INE711A01022
705,NSE,WAKEFIT,EQ,INE0E7301029
706,NSE,WABAG,EQ,INE956G01038
707,NSE,WAAREERTL,EQ,INE299N01021
708,NSE,WAAREEINDO,BE,INE866K01023
709,NSE,WAAREEENER,EQ,INE377N01017
710,NSE,VTL,EQ,INE825A01020
711,NSE,VSTTILLERS,EQ,INE764D01017
712,NSE,VSTL,EQ,INE0QTF01015
713,NSE,VSTIND,EQ,INE710A01016
714,NSE,VSSL,EQ,INE050M01012
715,NSE,VRLLOG,EQ,INE366I01010
716,NSE,WEALTH,EQ,INE658T01017
717,NSE,VRAJ,EQ,INE0S2V01010
718,NSE,WIPL,EQ,INE215F01023
719,NSE,WOCKPHARMA,EQ,INE049B01025
720,NSE,ZYDUSWELL,EQ,INE768C01028
721,NSE,ZYDUSLIFE,EQ,INE010B01027
722,NSE,ZUARIIND,EQ,INE217A01012
723,NSE,ZUARI,EQ,INE840M01016
724,NSE,ZOTA,EQ,INE358U01012
725,NSE,ZODIACLOTH,EQ,INE206B01013
726,NSE,ZODIAC,EQ,INE761Y01019
727,NSE,ZIMLAB,EQ,INE518E01015
728,NSE,ZFCVINDIA,EQ,INE342J01019
729,NSE,ZENTEC,EQ,INE251B01027
730,NSE,ZENSARTECH,EQ,INE520A01027
731,NSE,ZENITHSTL,EQ,INE318D01020
732,NSE,ZENITHEXPO,EQ,INE058B01018
733,NSE,ZEEMEDIA,EQ,INE966H01019
734,NSE,WIPRO,EQ,INE075A01022
735,NSE,ZEELEARN,EQ,INE565L01011
736,NSE,ZAGGLE,EQ,INE07K301024
737,NSE,YUKEN,EQ,INE384C01016
738,NSE,YESBANK,EQ,INE528G01035
739,NSE,YATRA,EQ,INE0JR601024
740,NSE,YATHARTH,EQ,INE0JO301016
741,NSE,YASHO,EQ,INE616Z01012
742,NSE,XTGLOBAL,EQ,INE547B01028
743,NSE,XPROINDIA,EQ,INE445C01015
744,NSE,XELPMOC,BE,INE01P501012
745,NSE,XCHANGING,EQ,INE692G01013
746,NSE,WSTCSTPAPR,EQ,INE976A01021
747,NSE,WSI,EQ,INE100D01014
748,NSE,WORTHPERI,EQ,INE196Y01018
749,NSE,WONDERLA,EQ,INE066O01014
750,NSE,ZEEL,EQ,INE256A01028
751,NSE,VPRPL,EQ,INE0AE001013
752,NSE,VOLTAS,EQ,INE226A01021
753,NSE,VOLTAMP,EQ,INE540H01012
754,NSE,VETO,EQ,INE918N01018
755,NSE,VESUVIUS,EQ,INE386A01023
756,NSE,VERTOZ,EQ,INE188Y01031
757,NSE,VERANDA,EQ,INE0IQ001011
758,NSE,VENUSREM,BE,INE411B01019
759,NSE,VENUSPIPES,EQ,INE0JA001018
760,NSE,VENTIVE,EQ,INE781S01027
761,NSE,VENKEYS,EQ,INE398A01010
762,NSE,VEEDOL,EQ,INE484C01030
763,NSE,VEDL,EQ,INE205A01025
764,NSE,VCL,BE,INE098201036
765,NSE,VBL,EQ,INE200M01039
766,NSE,VASWANI,EQ,INE590L01019
767,NSE,VASCONEQ,EQ,INE893I01013
768,NSE,VGL,EQ,INE273D01019
769,NSE,VARROC,EQ,INE665L01035
770,NSE,VARDHACRLC,EQ,INE116G01013
771,NSE,VALIANTORG,EQ,INE565V01010
772,NSE,VALIANTLAB,EQ,INE0JWS01017
773,NSE,VAKRANGEE,EQ,INE051B01021
774,NSE,VAISHALI,EQ,INE972X01022
775,NSE,VAIBHAVGBL,EQ,INE884A01027
776,NSE,VADILALIND,EQ,INE694D01016
777,NSE,V2RETAIL,EQ,INE945H01013
778,NSE,UYFINCORP,BE,INE152C01025
779,NSE,UTTAMSUGAR,EQ,INE786F01031
780,NSE,UTLSOLAR,EQ,INE12UR01024
781,NSE,UTKARSHBNK,EQ,INE735W01017
782,NSE,UTIAMC,EQ,INE094J01016
783,NSE,USK,EQ,INE0N0Y01013
784,NSE,VARDMNPOLY,EQ,INE835A01029
785,NSE,VGUARD,EQ,INE951I01027
786,NSE,VHL,EQ,INE701A01023
787,NSE,VHLTD,BE,INE048C01025
788,NSE,VMSTMT,EQ,INE0SJA01013
789,NSE,VMM,EQ,INE01EA01019
790,NSE,VMART,EQ,INE665J01013
791,NSE,VLSFINANCE,EQ,INE709A01018
792,NSE,VLEGOV,EQ,INE03HW01020
793,NSE,VIVIMEDLAB,EQ,INE526G01021
794,NSE,VIVIDHA,EQ,INE370E01029
795,NSE,VISHWARAJ,EQ,INE430N01022
796,NSE,VISHNU,EQ,INE270I01022
797,NSE,VISASTEEL,BE,INE286H01012
798,NSE,VISAKAIND,EQ,INE392A01021
799,NSE,VIRINCHI,EQ,INE539B01017
800,NSE,VIPULLTD,BE,INE946H01037
801,NSE,VIPIND,EQ,INE054A01027
802,NSE,VIPCLOTHNG,EQ,INE450G01024
803,NSE,VINYLINDIA,EQ,INE250B01029
804,NSE,VINNY,EQ,INE01KI01027
805,NSE,VIDHIING,EQ,INE632C01026
806,NSE,VIDYAWIRES,EQ,INE14UN01029
807,NSE,VIJAYA,EQ,INE043W01024
808,NSE,VIJIFIN,EQ,INE159N01027
809,NSE,VIKASECO,EQ,INE806A01020
810,NSE,VIKASLIFE,EQ,INE161L01027
811,NSE,URJA,EQ,INE550C01020
812,NSE,VIKRAMSOLR,EQ,INE078V01014
813,NSE,VIMTALABS,EQ,INE579C01029
814,NSE,VINATIORGA,EQ,INE410B01037
815,NSE,VINCOFE,EQ,INE498Q01014
816,NSE,VINDHYATEL,EQ,INE707A01012
817,NSE,VINEET-RE,BE,INE505Y20010
818,NSE,VINEETLAB,EQ,INE505Y01010
819,NSE,VIKRAN,EQ,INE01R501028
820,NSE,TARIL,EQ,INE763I01026
821,NSE,TARC,EQ,INE0EK901012
822,NSE,TARAPUR,BE,INE747K01017
823,NSE,SHEKHAWATI,EQ,INE268L01046
824,NSE,SHAREINDIA,EQ,INE932X01026
825,NSE,SHARDAMOTR,EQ,INE597I01028
826,NSE,SHARDACROP,EQ,INE221J01015
827,NSE,SHANTIGOLD,EQ,INE06ZD01017
828,NSE,SHANTIGEAR,EQ,INE631A01022
829,NSE,SHANTI,EQ,INE933X01016
830,NSE,SHANKARA,EQ,INE274V01019
831,NSE,SHALPAINTS,EQ,INE849C01026
832,NSE,SHALBY,EQ,INE597J01018
833,NSE,SHAKTIPUMP,EQ,INE908D01010
834,NSE,SHAILY,EQ,INE151G01028
835,NSE,SHAHALLOYS,EQ,INE640C01011
836,NSE,SHAH,EQ,INE482J01021
837,NSE,SHEMAROO,EQ,INE363M01019
838,NSE,SGMART,EQ,INE385F01024
839,NSE,SGL,EQ,INE353H01010
840,NSE,SGIL,EQ,INE00QT01015
841,NSE,SGFIN,EQ,INE618R01015
842,NSE,SFL,EQ,INE916U01025
843,NSE,SEYAIND,BE,INE573R01012
844,NSE,SETCO,EQ,INE878E01021
845,NSE,SESHAPAPER,EQ,INE630A01024
846,NSE,SERVOTECH,EQ,INE782X01033
847,NSE,SEQUENT,EQ,INE807F01027
848,NSE,SEPC,EQ,INE964H01014
849,NSE,SENORES,EQ,INE0RB801010
850,NSE,SENCO,EQ,INE602W01027
851,NSE,SEMAC,EQ,INE617A01013
852,NSE,SELMC,BE,INE105I01020
853,NSE,SGLTL,EQ,INE0M4D01010
854,NSE,SEJALLTD,BE,INE955I01044
855,NSE,SHILCTECH,EQ,INE024F01011
856,NSE,SHIVALIK,EQ,INE788J01021
857,NSE,SILGO,EQ,INE01II01013
858,NSE,SIL,EQ,INE173A01025
859,NSE,SIKKO,BE,INE112X01025
860,NSE,SIGNPOST,EQ,INE0KGZ01021
861,NSE,SIGNATURE,EQ,INE903U01023
862,NSE,SIGMA,EQ,INE0A0S01028
863,NSE,SIGIND,EQ,INE529F01035
864,NSE,SIGACHI,EQ,INE0D0K01022
865,NSE,SIEMENS,EQ,INE003A01024
866,NSE,SICALLOG,BE,INE075B01020
867,NSE,SHYAMTEL,EQ,INE635A01023
868,NSE,SHYAMMETL,EQ,INE810G01011
869,NSE,SHYAMCENT,BE,INE979R01011
870,NSE,SHRIRAMPPS,EQ,INE217L01019
871,NSE,SHILPAMED,EQ,INE790G01031
872,NSE,SHRIRAMFIN,EQ,INE721A01047
873,NSE,SHRINGARMS,EQ,INE1B3L01017
874,NSE,SHREYANIND,EQ,INE231C01019
875,NSE,SHREERAMA,EQ,INE879A01019
876,NSE,SHREEPUSHK,EQ,INE712K01011
877,NSE,SHREEJISPG,EQ,INE1B6101010
878,NSE,SHREECEM,EQ,INE070A01015
879,NSE,SHREDIGCEM,EQ,INE232A01011
880,NSE,SHRADHA,EQ,INE715Y01031
881,NSE,SHOPERSTOP,EQ,INE498B01024
882,NSE,SHK,EQ,INE500L01026
883,NSE,SHIVAUM,EQ,INE719F01016
884,NSE,SHIVATEX,EQ,INE705C01020
885,NSE,SHIVAMILLS,EQ,INE644Y01017
886,NSE,SHIVAMAUTO,EQ,INE637H01024
887,NSE,SHRIPISTON,EQ,INE526E01018
888,NSE,SECURKLOUD,BE,INE650K01021
889,NSE,SECMARK,EQ,INE0BTM01013
890,NSE,SEAMECLTD,EQ,INE497B01018
891,NSE,SANDESH,EQ,INE583B01015
892,NSE,SANATHAN,EQ,INE0JPD01013
893,NSE,SAMPANN,EQ,INE735M01018
894,NSE,SAMMAANCAP,EQ,INE148I01020
895,NSE,SAMHI,EQ,INE08U801020
896,NSE,SAMBHV,EQ,INE12NJ01018
897,NSE,SAMBHAAV,BE,INE699B01027
898,NSE,SALZERELEC,EQ,INE457F01013
899,NSE,SALSTEEL,BE,INE658G01014
900,NSE,SALONA,EQ,INE498E01010
901,NSE,SALASAR,EQ,INE170V01027
902,NSE,SAKUMA,EQ,INE190H01024
903,NSE,SAKSOFT,EQ,INE667G01023
904,NSE,SAKHTISUG,EQ,INE623A01011
905,NSE,SANDHAR,EQ,INE278H01035
906,NSE,SAKAR,EQ,INE732S01012
907,NSE,SAIL,EQ,INE114A01011
908,NSE,SAGILITY,EQ,INE0W2G01015
909,NSE,SAGCEM,EQ,INE229C01021
910,NSE,SAGARDEEP,EQ,INE976T01013
911,NSE,SAFARI,EQ,INE429E01023
912,NSE,SADHNANIQ,EQ,INE888C01040
913,NSE,SADBHIN,EQ,INE764L01010
914,NSE,SADBHAV,BE,INE226H01026
915,NSE,SABTNL,BE,INE416A01044
916,NSE,SABEVENTS,BE,INE860T01019
917,NSE,SAATVIKGL,EQ,INE13B501022
918,NSE,S&SPOWER,EQ,INE902B01017
919,NSE,RVTH,EQ,INE0DAB01012
920,NSE,RVNL,EQ,INE415G01027
921,NSE,SAILIFE,EQ,INE570L01029
922,NSE,SANDUMA,EQ,INE149K01016
923,NSE,SANGAMIND,EQ,INE495C01010
924,NSE,SANGHIIND,EQ,INE999B01013
925,NSE,SDBL,EQ,INE480C01038
926,NSE,SCPL,EQ,INE501Y01019
927,NSE,SCODATUBES,EQ,INE090501011
928,NSE,SCILAL,EQ,INE0PB301013
929,NSE,SCI,EQ,INE109A01011
930,NSE,SCHNEIDER,EQ,INE839M01018
931,NSE,SCHAND,EQ,INE807K01035
932,NSE,SCHAEFFLER,EQ,INE513A01022
933,NSE,SBIN,EQ,INE062A01020
934,NSE,SBILIFE,EQ,INE123W01016
935,NSE,SBICARD,EQ,INE018E01016
936,NSE,SBGLP,EQ,INE05ST01028
937,NSE,SBFC,EQ,INE423Y01016
938,NSE,SBCL,EQ,INE386D01027
939,NSE,SBC,EQ,INE04AK01028
940,NSE,SAURASHCEM,EQ,INE626A01014
941,NSE,SATIN,EQ,INE836B01017
942,NSE,SANGHVIMOV,EQ,INE989A01032
943,NSE,SANGINITA,EQ,INE753W01010
944,NSE,SANOFI,EQ,INE058A01010
945,NSE,SANOFICONR,EQ,INE0UOS01011
946,NSE,SANSERA,EQ,INE953O01021
947,NSE,SANSTAR,EQ,INE08NE01025
948,NSE,SILGO-RE1,BE,INE01II20021
949,NSE,SAPPHIRE,EQ,INE806T01020
950,NSE,SAREGAMA,EQ,INE979A01025
951,NSE,SARLAPOLY,EQ,INE453D01025
952,NSE,SARVESHWAR,EQ,INE324X01026
953,NSE,SASKEN,EQ,INE231F01020
954,NSE,SASTASUNDR,EQ,INE019J01013
955,NSE,SATIA,EQ,INE170E01023
956,NSE,SARDAEN,EQ,INE385C01021
957,NSE,SILINV,EQ,INE923A01015
958,NSE,SILLYMONKS,BE,INE203Y01012
959,NSE,SILVERTUC,EQ,INE625X01018
960,NSE,SUPERSPIN,EQ,INE662A01027
961,NSE,SUPERHOUSE,EQ,INE712B01010
962,NSE,SUNTV,EQ,INE424H01027
963,NSE,SUNTECK,EQ,INE805D01034
964,NSE,SUNPHARMA,EQ,INE044A01036
965,NSE,SUNFLAG,EQ,INE947A01014
966,NSE,SUNDROP,EQ,INE209A01019
967,NSE,SUNDRMFAST,EQ,INE387A01021
968,NSE,SUNDRMBRAK,EQ,INE073D01013
969,NSE,SUNDARMFIN,EQ,INE660A01013
970,NSE,SUNDARAM,EQ,INE108E01023
971,NSE,SUNCLAY,EQ,INE0Q3R01026
972,NSE,SUMMITSEC,EQ,INE519C01017
973,NSE,SUMIT,EQ,INE748Z01013
974,NSE,SUPRAJIT,EQ,INE399C01030
975,NSE,SUMICHEM,EQ,INE258G01013
976,NSE,SULA,EQ,INE142Q01026
977,NSE,SUKHJITS,EQ,INE450E01029
978,NSE,SUDEEPPHRM,EQ,INE0QPI01025
979,NSE,SUDARSCHEM,EQ,INE659A01023
980,NSE,SUBROS,EQ,INE287B01021
981,NSE,SUBEXLTD,EQ,INE754A01055
982,NSE,STYRENIX,EQ,INE189B01011
983,NSE,STYLEBAAZA,EQ,INE01FR01028
984,NSE,STYLAMIND,EQ,INE239C01020
985,NSE,STYL,EQ,INE04VU01023
986,NSE,STUDDS,EQ,INE00Q601028
987,NSE,STOVEKRAFT,EQ,INE00IN01015
988,NSE,STLTECH,EQ,INE089C01029
989,NSE,STLNETWORK,EQ,INE1VXE01018
990,NSE,SUMEETINDS,EQ,INE235C01036
991,NSE,SUPREME,EQ,INE822E01011
992,NSE,SUPREMEIND,EQ,INE195A01028
993,NSE,SUPRIYA,EQ,INE07RO01027
994,NSE,TARACHAND,EQ,INE555Z01020
995,NSE,TANLA,EQ,INE483C01032
996,NSE,TALBROAUTO,EQ,INE187D01029
997,NSE,TAKE,BE,INE142I01023
998,NSE,TAJGVK,EQ,INE586B01026
999,NSE,TAINWALCHM,EQ,INE123C01018
1000,NSE,SYSTMTXC,EQ,INE356B01024
1001,NSE,SYRMA,EQ,INE0DYJ01015
1002,NSE,SYNGENE,EQ,INE398R01022
1003,NSE,SYNCOMF,EQ,INE312C01025
1004,NSE,SYMPHONY,EQ,INE225D01027
1005,NSE,SWSOLAR,EQ,INE00M201021
1006,NSE,SWIGGY,EQ,INE00H001014
1007,NSE,SWELECTES,EQ,INE409B01013
1008,NSE,SWARAJENG,EQ,INE277A01016
1009,NSE,SWANCORP,EQ,INE665A01038
1010,NSE,SVPGLOB,BE,INE308E01029
1011,NSE,SURAJEST,EQ,INE843S01025
1012,NSE,SURAJLTD,EQ,INE713C01016
1013,NSE,SURAKSHA,EQ,INE877V01027
1014,NSE,SURANASOL,EQ,INE272L01022
1015,NSE,SURANAT&P,EQ,INE130B01031
1016,NSE,SURYALAXMI,EQ,INE713B01026
1017,NSE,STERTOOLS,EQ,INE334A01023
1018,NSE,SURYAROSNI,EQ,INE335A01020
1019,NSE,SUTLEJTEX,EQ,INE645H01027
1020,NSE,SUVEN,EQ,INE495B01038
1021,NSE,SUVIDHAA,EQ,INE018401013
1022,NSE,SUYOG,EQ,INE442P01014
1023,NSE,SUZLON,EQ,INE040H01021
1024,NSE,SVLL,EQ,INE00CE01017
1025,NSE,SURYODAY,EQ,INE428Q01011
1026,NSE,LANDMARK,EQ,INE559R01029
1027,NSE,STEL,EQ,INE577L01016
1028,NSE,STEELCITY,EQ,INE395H01011
1029,NSE,SOMICONVEY,EQ,INE323J01019
1030,NSE,SOMATEX,BE,INE314C01013
1031,NSE,SOMANYCERA,EQ,INE355A01028
1032,NSE,SOLEX,EQ,INE880Y01017
1033,NSE,SOLARWORLD,EQ,INE0TY101024
1034,NSE,SOLARINDS,EQ,INE343H01029
1035,NSE,SOLARA,EQ,INE624Z01016
1036,NSE,SOFTTECH,EQ,INE728Z01015
1037,NSE,SOBHA,EQ,INE671H01015
1038,NSE,SNOWMAN,EQ,INE734N01019
1039,NSE,SMSPHARMA,EQ,INE812G01025
1040,NSE,SMLT,EQ,INE017W01010
1041,NSE,SMLMAH,EQ,INE294B01019
1042,NSE,SMCGLOBAL,EQ,INE103C01036
1043,NSE,SONACOMS,EQ,INE073K01018
1044,NSE,SMARTWORKS,EQ,INE0NAZ01010
1045,NSE,SKYGOLD,EQ,INE01IU01018
1046,NSE,SKMEGGPROD,EQ,INE411D01023
1047,NSE,SKIPPER,EQ,INE439E01022
1048,NSE,SKFINDUS,EQ,INE2J8701016
1049,NSE,SKFINDIA,EQ,INE640A01023
1050,NSE,SJVN,EQ,INE002L01015
1051,NSE,SJS,EQ,INE284S01014
1052,NSE,SIYSIL,EQ,INE076B01028
1053,NSE,SIS,EQ,INE285J01028
1054,NSE,SIRCA,EQ,INE792Z01011
1055,NSE,SINTERCOM,EQ,INE129Z01016
1056,NSE,SINDHUTRAD,EQ,INE325D01025
1057,NSE,SINCLAIR,EQ,INE985A01022
1058,NSE,SIMPLEXINF,EQ,INE059B01024
1059,NSE,SMARTLINK,EQ,INE178C01020
1060,NSE,SONAMLTD,EQ,INE00LM01029
1061,NSE,SONATSOFTW,EQ,INE269A01021
1062,NSE,SOTL,EQ,INE035D01020
1063,NSE,STEELCAS,EQ,INE124E01038
1064,NSE,STCINDIA,EQ,INE655A01013
1065,NSE,STARTECK,EQ,INE992I01013
1066,NSE,STARPAPER,EQ,INE733A01018
1067,NSE,STARHEALTH,EQ,INE575P01011
1068,NSE,STARCEMENT,EQ,INE460H01021
1069,NSE,STAR,EQ,INE939A01011
1070,NSE,STANLEY,EQ,INE01A001028
1071,NSE,STALLION,BE,INE0RYC01010
1072,NSE,SSWL,EQ,INE802C01033
1073,NSE,SSDL,EQ,INE0PQ101010
1074,NSE,SRM,EQ,INE0R6Z01013
1075,NSE,SRHHYPOLTD,EQ,INE917H01012
1076,NSE,SRGHFL,EQ,INE559N01010
1077,NSE,SRF,EQ,INE647A01010
1078,NSE,SREEL,EQ,INE099F01013
1079,NSE,SRD,EQ,INE01NE01012
1080,NSE,SOUTHBANK,EQ,INE683A01023
1081,NSE,SOUTHWEST,BE,INE980Y01015
1082,NSE,SPAL,EQ,INE212I01016
1083,NSE,SPANDANA,EQ,INE572J01011
1084,NSE,SPARC,EQ,INE232I01014
1085,NSE,SPCENET,BE,INE970N01027
1086,NSE,STEELXIND,EQ,INE503B01021
1087,NSE,SPECIALITY,EQ,INE247M01014
1088,NSE,SPENCERS,EQ,INE020801028
1089,NSE,SPIC,EQ,INE147A01011
1090,NSE,SPLIL,EQ,INE978G01016
1091,NSE,SPLPETRO,EQ,INE663A01033
1092,NSE,SPMLINFRA,EQ,INE937A01023
1093,NSE,SPORTKING,EQ,INE885H01029
1094,NSE,SPECTRUM,EQ,INE01EO01010
1095,NSE,LANCORHOL,BE,INE572G01025
1096,NSE,SAHYADRI,EQ,INE280H01015
1097,NSE,LALPATHLAB,EQ,INE600L01024
1098,NSE,CENTRALBK,EQ,INE483A01010
1099,NSE,CENTEXT,BE,INE281A01026
1100,NSE,CENTENKA,EQ,INE485A01015
1101,NSE,CEMPRO,EQ,INE686A01026
1102,NSE,CELLO,EQ,INE0LMW01024
1103,NSE,CELEBRITY,EQ,INE185H01016
1104,NSE,CEIGALL,EQ,INE0AG901020
1105,NSE,CEATLTD,EQ,INE482A01020
1106,NSE,CDSL,EQ,INE736A01011
1107,NSE,CCL,EQ,INE421D01022
1108,NSE,CCHHL,EQ,INE652F01027
1109,NSE,CCCL,BE,INE429I01024
1110,NSE,CASTROLIND,EQ,INE172A01027
1111,NSE,CARYSIL,EQ,INE482D01024
1112,NSE,CENTRUM,EQ,INE660C01027
1113,NSE,CARTRADE,EQ,INE290S01011
1114,NSE,CARERATING,EQ,INE752H01013
1115,NSE,CARBORUNIV,EQ,INE120A01034
1116,NSE,CAPTRUST,EQ,INE707C01018
1117,NSE,CAPLIPOINT,EQ,INE475E01026
1118,NSE,CAPITALSFB,EQ,INE646H01017
1119,NSE,CAPILLARY,EQ,INE0ILV01024
1120,NSE,CAPACITE,EQ,INE264T01014
1121,NSE,CANTABIL,EQ,INE068L01024
1122,NSE,CANHLIFE,EQ,INE01TY01017
1123,NSE,CANFINHOME,EQ,INE477A01020
1124,NSE,CANBK,EQ,INE476A01022
1125,NSE,CAMS,EQ,INE596I01020
1126,NSE,CAMPUS,EQ,INE278Y01022
1127,NSE,CAMLINFINE,EQ,INE052I01032
1128,NSE,CARRARO,EQ,INE0V7W01012
1129,NSE,CALSOFT,EQ,INE526B01014
1130,NSE,CENTUM,EQ,INE320B01020
1131,NSE,CERA,EQ,INE739E01017
1132,NSE,COCHINSHIP,EQ,INE704P01025
1133,NSE,COASTCORP,BE,INE377E01024
1134,NSE,COALINDIA,EQ,INE522F01014
1135,NSE,CNL,EQ,INE985W01018
1136,NSE,CMSINFO,EQ,INE925R01014
1137,NSE,CLSEL,EQ,INE419D01026
1138,NSE,CLEDUCATE,EQ,INE201M01029
1139,NSE,CLEAN,EQ,INE227W01023
1140,NSE,CIPLA,EQ,INE059A01026
1141,NSE,CINEVISTA,EQ,INE039B01026
1142,NSE,CINELINE,EQ,INE704H01022
1143,NSE,CIGNITITEC,EQ,INE675C01017
1144,NSE,CIFL,EQ,INE345H01024
1145,NSE,CIEINDIA,EQ,INE536H01010
1146,NSE,CENTURYPLY,EQ,INE348B01021
1147,NSE,CHOLAHLDNG,EQ,INE149A01033
1148,NSE,CHOICEIN,EQ,INE102B01014
1149,NSE,CHEVIOT,EQ,INE974B01016
1150,NSE,CHENNPETRO,EQ,INE178A01016
1151,NSE,CHEMPLASTS,EQ,INE488A01050
1152,NSE,CHEMFAB,EQ,INE783X01023
1153,NSE,CHEMCON,EQ,INE03YM01018
1154,NSE,CHEMBONDCH,EQ,INE0TGX01019
1155,NSE,CHEMBOND,EQ,INE995D01025
1156,NSE,CHAMBLFERT,EQ,INE085A01013
1157,NSE,CHALET,EQ,INE427F01016
1158,NSE,CGPOWER,EQ,INE067A01029
1159,NSE,CGCL,EQ,INE180C01042
1160,NSE,CEWATER,EQ,INE037Z01029
1161,NSE,CESC,EQ,INE486A01021
1162,NSE,CHOLAFIN,EQ,INE121A01024
1163,NSE,BYKE,EQ,INE319B01014
1164,NSE,BVCL,EQ,INE139I01011
1165,NSE,BUTTERFLY,EQ,INE295F01017
1166,NSE,BLAL,EQ,INE0N7W01012
1167,NSE,BLACKBUCK,EQ,INE0UIZ01018
1168,NSE,BIRLANU,EQ,INE557A01011
1169,NSE,BIRLAMONEY,EQ,INE865C01022
1170,NSE,BIRLACORPN,EQ,INE340A01012
1171,NSE,BIRLACABLE,EQ,INE800A01015
1172,NSE,BIOFILCHEM,EQ,INE829A01014
1173,NSE,BIOCON,EQ,INE376G01013
1174,NSE,BILVYAPAR,BE,INE071A01013
1175,NSE,BIL,EQ,INE828A01016
1176,NSE,BIKAJI,EQ,INE00E101023
1177,NSE,BIGBLOC,EQ,INE412U01025
1178,NSE,BHEL,EQ,INE257A01026
1179,NSE,BHARTIHEXA,EQ,INE343G01021
1180,NSE,BLBLIMITED,EQ,INE791A01024
1181,NSE,BHARTIARTL,EQ,INE397D01024
1182,NSE,BHARATSE,EQ,INE415D01024
1183,NSE,BHARATRAS,EQ,INE838B01021
1184,NSE,BHARATGEAR,EQ,INE561C01019
1185,NSE,BHARATFORG,EQ,INE465A01025
1186,NSE,BHANDARI,EQ,INE474E01029
1187,NSE,BHAGYANGR,BE,INE458B01036
1188,NSE,BHAGERIA,EQ,INE354C01027
1189,NSE,BHAGCHEM,EQ,INE414D01027
1190,NSE,BGRENERGY,EQ,INE661I01014
1191,NSE,BFINVEST,EQ,INE878K01010
1192,NSE,BETA,EQ,INE351Y01019
1193,NSE,BESTAGRO,EQ,INE052T01021
1194,NSE,BERGEPAINT,EQ,INE463A01038
1195,NSE,BEPL,EQ,INE922A01025
1196,NSE,BHARATWIRE,EQ,INE316L01019
1197,NSE,BLISSGVS,EQ,INE416D01022
1198,NSE,BLKASHYAP,EQ,INE350H01032
1199,NSE,BLS,EQ,INE153T01027
1200,NSE,BUILDPRO,BE,INE24OJ01011
1201,NSE,BTML,EQ,INE0EEJ01023
1202,NSE,BSOFT,EQ,INE836A01035
1203,NSE,BSL,EQ,INE594B01012
1204,NSE,BSHSL,EQ,INE032Z01020
1205,NSE,BSE,EQ,INE118H01025
1206,NSE,BROOKS,EQ,INE650L01011
1207,NSE,BRNL,EQ,INE727S01012
1208,NSE,BRITANNIA,EQ,INE216A01030
1209,NSE,BRIGHOTEL,EQ,INE03NU01014
1210,NSE,BRIGADE,EQ,INE791I01019
1211,NSE,BPL,EQ,INE110A01019
1212,NSE,BPCL,EQ,INE029A01011
1213,NSE,BOSCHLTD,EQ,INE323A01026
1214,NSE,BOSCH-HCIL,EQ,INE782A01015
1215,NSE,BOROSCI,EQ,INE02L001032
1216,NSE,BORORENEW,EQ,INE666D01022
1217,NSE,BLSE,EQ,INE0NLT01010
1218,NSE,BLUECHIP,BE,INE657B01025
1219,NSE,BLUECOAST,EQ,INE472B01011
1220,NSE,BLUEDART,EQ,INE233B01017
1221,NSE,BLUEJET,EQ,INE0KBH01020
1222,NSE,BLUESTARCO,EQ,INE472A01039
1223,NSE,COFFEEDAY,EQ,INE335K01011
1224,NSE,BLUESTONE,EQ,INE304W01038
1225,NSE,BMWVENTLTD,EQ,INE965W01036
1226,NSE,BODALCHEM,EQ,INE338D01028
1227,NSE,BOHRAIND,EQ,INE802W01023
1228,NSE,BOMDYEING,EQ,INE032A01023
1229,NSE,BORANA,BE,INE16SF01016
1230,NSE,BOROLTD,EQ,INE02PY01013
1231,NSE,BLUSPRING,EQ,INE0U4101014
1232,NSE,BEML,EQ,INE258A01024
1233,NSE,COFORGE,EQ,INE591G01025
1234,NSE,COLPAL,EQ,INE259A01022
1235,NSE,DJML,EQ,INE0B1K01014
1236,NSE,DIXON,EQ,INE935N01020
1237,NSE,DIVISLAB,EQ,INE361B01024
1238,NSE,DIVGIITTS,EQ,INE753U01022
1239,NSE,DISHTV,EQ,INE836F01026
1240,NSE,DIGJAMLMTD,EQ,INE731U01028
1241,NSE,DIGITIDE,EQ,INE0U4701011
1242,NSE,DIGISPICE,EQ,INE927C01020
1243,NSE,DIGIDRIVE,EQ,INE0PSC01024
1244,NSE,DIFFNKG,EQ,INE184O01015
1245,NSE,DICIND,EQ,INE303A01010
1246,NSE,DIAMONDYD,EQ,INE393P01035
1247,NSE,DIAMINESQ,EQ,INE591D01014
1248,NSE,DIACABS,EQ,INE989C01038
1249,NSE,DLF,EQ,INE271C01023
1250,NSE,DHUNINV,EQ,INE320L01011
1251,NSE,DHARMAJ,EQ,INE00OQ01016
1252,NSE,DHANUKA,EQ,INE435G01025
1253,NSE,DHANBANK,EQ,INE680A01011
1254,NSE,DHAMPURSUG,EQ,INE041A01016
1255,NSE,DGCONTENT,EQ,INE03JI01017
1256,NSE,DEVYANI,EQ,INE872J01023
1257,NSE,DEVX,EQ,INE0VOV01021
1258,NSE,DEVIT,EQ,INE060X01034
1259,NSE,DENTA,EQ,INE0R4L01018
1260,NSE,DENORA,EQ,INE244A01016
1261,NSE,DEN,EQ,INE947J01015
1262,NSE,DELTAMAGNT,EQ,INE393A01011
1263,NSE,DELTACORP,EQ,INE124G01033
1264,NSE,DELPHIFX,EQ,INE726L01019
1265,NSE,DHRUV,EQ,INE506Z01015
1266,NSE,DELHIVERY,EQ,INE148O01028
1267,NSE,DLINKINDIA,EQ,INE250K01012
1268,NSE,DMCC,EQ,INE505A01010
1269,NSE,EICHERMOT,EQ,INE066A01021
1270,NSE,EFCIL,EQ,INE886D01026
1271,NSE,EDELWEISS,EQ,INE532F01054
1272,NSE,ECOSMOBLTY,EQ,INE06HJ01020
1273,NSE,ECLERX,EQ,INE738I01010
1274,NSE,EBGNG,EQ,INE18JU01028
1275,NSE,EASEMYTRIP,EQ,INE07O001026
1276,NSE,E2E,EQ,INE255Z01019
1277,NSE,DYNPRO,EQ,INE256H01015
1278,NSE,DYNAMATECH,EQ,INE221B01012
1279,NSE,DYCL,EQ,INE600Y01019
1280,NSE,DWARKESH,EQ,INE366A01041
1281,NSE,DVL,EQ,INE477B01010
1282,NSE,DUCON,EQ,INE741L01018
1283,NSE,DMART,EQ,INE192R01011
1284,NSE,DTIL,EQ,INE341R01014
1285,NSE,DRREDDY,EQ,INE089A01031
1286,NSE,DREDGECORP,EQ,INE506A01018
1287,NSE,DREAMFOLKS,EQ,INE0JS101016
1288,NSE,DRCSYSTEMS,EQ,INE03RS01027
1289,NSE,DPWIRES,EQ,INE864X01013
1290,NSE,DPSCLTD,EQ,INE360C01024
1291,NSE,DPABHUSHAN,EQ,INE266Y01019
1292,NSE,DONEAR,EQ,INE668D01028
1293,NSE,DOMS,EQ,INE321T01012
1294,NSE,DOLPHIN,EQ,INE920A01037
1295,NSE,DOLLAR,EQ,INE325C01035
1296,NSE,DOLATALGO,EQ,INE966A01022
1297,NSE,DODLA,EQ,INE021O01019
1298,NSE,DNAMEDIA,EQ,INE016M01021
1299,NSE,DSSL,EQ,INE417B01040
1300,NSE,DEEPINDS,EQ,INE0FHS01024
1301,NSE,DEEPAKNTR,EQ,INE288B01029
1302,NSE,DEEPAKFERT,EQ,INE501A01019
1303,NSE,CUBEXTUB,EQ,INE144D01012
1304,NSE,CUB,EQ,INE491A01021
1305,NSE,CTE,EQ,INE627H01017
1306,NSE,CSLFINANCE,EQ,INE718F01018
1307,NSE,CSBBANK,EQ,INE679A01013
1308,NSE,CROWN,EQ,INE491V01019
1309,NSE,CROMPTON,EQ,INE299U01018
1310,NSE,CRIZAC,EQ,INE0S4R01014
1311,NSE,CRISIL,EQ,INE007A01025
1312,NSE,CREST,EQ,INE559D01011
1313,NSE,CREDITACC,EQ,INE741K01010
1314,NSE,CREATIVEYE,EQ,INE230B01021
1315,NSE,CRAMC,EQ,INE218I01013
1316,NSE,CRAFTSMAN,EQ,INE00LO01017
1317,NSE,CUMMINSIND,EQ,INE298A01020
1318,NSE,CPPLUS,EQ,INE819V01029
1319,NSE,CPCAP,EQ,INE521J01018
1320,NSE,COUNCODOS,EQ,INE695B01025
1321,NSE,COSMOFIRST,EQ,INE757A01017
1322,NSE,CORONA,EQ,INE02ZQ01018
1323,NSE,COROMANDEL,EQ,INE169A01031
1324,NSE,CORDSCABLE,EQ,INE792I01017
1325,NSE,CORALFINAC,EQ,INE558D01021
1326,NSE,CONTROLPR,EQ,INE663B01015
1327,NSE,CONSOFINVT,EQ,INE025A01027
1328,NSE,CONFIPET,EQ,INE552D01024
1329,NSE,CONCORDBIO,EQ,INE338H01029
1330,NSE,CONCOR,EQ,INE111A01025
1331,NSE,COMSYN,BE,INE073V01015
1332,NSE,COMPUSOFT,EQ,INE453B01029
1333,NSE,CPEDU,EQ,INE0P6P01016
1334,NSE,CUPID,EQ,INE509F01029
1335,NSE,CURAA,BE,INE117B01020
1336,NSE,CYBERMEDIA,EQ,INE278G01037
1337,NSE,DEEDEV,EQ,INE841L01016
1338,NSE,DECCANCE,EQ,INE583C01021
1339,NSE,DDEVPLSTIK,EQ,INE0HR601026
1340,NSE,DCXINDIA,EQ,INE0KL801015
1341,NSE,DCW,EQ,INE500A01029
1342,NSE,DCMSRIND,EQ,INE843D01027
1343,NSE,DCMSHRIRAM,EQ,INE499A01024
1344,NSE,DCMNVL,EQ,INE08KP01019
1345,NSE,DCMFINSERV,EQ,INE891B01012
1346,NSE,DCM,EQ,INE498A01018
1347,NSE,DCI,EQ,INE0A1101019
1348,NSE,DCBBANK,EQ,INE503A01015
1349,NSE,DCAL,EQ,INE385W01011
1350,NSE,DBSTOCKBRO,EQ,INE921B01025
1351,NSE,DBREALTY,EQ,INE879I01012
1352,NSE,DBOL,EQ,INE0I3401014
1353,NSE,DBL,EQ,INE917M01012
1354,NSE,CYBERTECH,EQ,INE214A01019
1355,NSE,CYIENT,EQ,INE136B01020
1356,NSE,CYIENTDLM,EQ,INE055S01018
1357,NSE,DABUR,EQ,INE016A01026
1358,NSE,DALBHARAT,EQ,INE00R701025
1359,NSE,DALMIASUG,EQ,INE495A01022
1360,NSE,COHANCE,EQ,INE03QK01018
1361,NSE,DAMCAPITAL,EQ,INE284H01025
1362,NSE,DANGEE,EQ,INE688Y01022
1363,NSE,DATAMATICS,EQ,INE365B01017
1364,NSE,DATAPATTNS,EQ,INE0IX101010
1365,NSE,DAVANGERE,EQ,INE179G01029
1366,NSE,DBCORP,EQ,INE950I01011
1367,NSE,DBEIL,EQ,INE0OPA01019
1368,NSE,DAMODARIND,EQ,INE497D01022
1369,NSE,BELRISE,EQ,INE894V01022
1370,NSE,BELLACASA,EQ,INE344T01014
1371,NSE,BEL,EQ,INE263A01024
1372,NSE,ALICON,EQ,INE062D01024
1373,NSE,ALGOQUANT,EQ,INE598D01035
1374,NSE,ALEMBICLTD,EQ,INE426A01027
1375,NSE,ALBERTDAVD,EQ,INE155C01010
1376,NSE,ALANKIT,EQ,INE914E01040
1377,NSE,AKZOINDIA,EQ,INE133A01011
1378,NSE,AKUMS,EQ,INE09XN01023
1379,NSE,AKSHOPTFBR,EQ,INE523B01011
1380,NSE,AKSHARCHEM,EQ,INE542B01011
1381,NSE,AKSHAR,EQ,INE256Z01025
1382,NSE,AKI,EQ,INE642Z01026
1383,NSE,AKG,EQ,INE00Y801016
1384,NSE,AKASH,EQ,INE737W01013
1385,NSE,AJOONI,EQ,INE820Y01021
1386,NSE,ALIVUS,EQ,INE03Q201024
1387,NSE,AJMERA,EQ,INE298G01035
1388,NSE,AJANTPHARM,EQ,INE031B01049
1389,NSE,AIROLAM,EQ,INE801L01010
1390,NSE,AIRAN,EQ,INE645W01026
1391,NSE,AIIL,EQ,INE206F01022
1392,NSE,AIAENG,EQ,INE212H01026
1393,NSE,AHLUCONT,EQ,INE758C01029
1394,NSE,AHLEAST,EQ,INE926K01017
1395,NSE,AHLADA,EQ,INE00PV01013
1396,NSE,AHCL,EQ,INE0Y8W01017
1397,NSE,AGROPHOS,EQ,INE740V01019
1398,NSE,AGRITECH,BE,INE449G01018
1399,NSE,AGIIL,EQ,INE976R01033
1400,NSE,AGI,EQ,INE415A01038
1401,NSE,AGARWALEYE,EQ,INE943P01029
1402,NSE,AJAXENGG,EQ,INE274Y01021
1403,NSE,AGARIND,EQ,INE204E01012
1404,NSE,ALKALI,EQ,INE773I01017
1405,NSE,ALKYLAMINE,EQ,INE150B01039
1406,NSE,APARINDS,EQ,INE372A01015
1407,NSE,ANURAS,EQ,INE930P01018
1408,NSE,ANUP,EQ,INE294Z01018
1409,NSE,ANUHPHR,EQ,INE489G01022
1410,NSE,ANTHEM,EQ,INE0CZ201020
1411,NSE,ANTGRAPHIC,EQ,INE414B01021
1412,NSE,ANTELOPUS,EQ,INE818A01017
1413,NSE,ANMOL,EQ,INE02AR01019
1414,NSE,ANIKINDS,EQ,INE087B01017
1415,NSE,ANGELONE,EQ,INE732I01013
1416,NSE,ANDHRSUGAR,EQ,INE715B01021
1417,NSE,ANDHRAPAP,EQ,INE435A01051
1418,NSE,ANANTRAJ,EQ,INE242C01024
1419,NSE,ANANDRATHI,EQ,INE463V01026
1420,NSE,ALKEM,EQ,INE540L01014
1421,NSE,AMRUTANJAN,EQ,INE098F01031
1422,NSE,AMJLAND,EQ,INE606A01024
1423,NSE,AMDIND,EQ,INE005I01014
1424,NSE,AMBUJACEM,EQ,INE079A01024
1425,NSE,AMBIKCO,EQ,INE540G01014
1426,NSE,AMBICAAGAR,EQ,INE792B01012
1427,NSE,AMBER,EQ,INE371P01015
1428,NSE,AMANTA,EQ,INE084K01015
1429,NSE,ALPHAGEO,EQ,INE137C01018
1430,NSE,ALPA,EQ,INE385I01010
1431,NSE,ALOKINDS,EQ,INE270A01029
1432,NSE,ALMONDZ,EQ,INE326B01035
1433,NSE,ALLTIME,EQ,INE0GV601021
1434,NSE,ALLDIGI,EQ,INE835G01018
1435,NSE,ALLCARGO,EQ,INE418H01029
1436,NSE,AMNPLST,EQ,INE275D01022
1437,NSE,AFSL,EQ,INE00ZE01026
1438,NSE,AFIL,EQ,INE916Y01027
1439,NSE,AFFORDABLE,EQ,INE692Z01013
1440,NSE,ABLBL,EQ,INE14LE01019
1441,NSE,ABINFRA,EQ,INE00YB01025
1442,NSE,ABFRL,EQ,INE647O01011
1443,NSE,ABDL,EQ,INE552Z01027
1444,NSE,ABCOTS,EQ,INE08PH01015
1445,NSE,ABCAPITAL,EQ,INE674K01013
1446,NSE,ABBOTINDIA,EQ,INE358A01014
1447,NSE,ABB,EQ,INE117A01022
1448,NSE,ABAN,BE,INE421A01028
1449,NSE,AAVAS,EQ,INE216P01012
1450,NSE,AARVI,EQ,INE754X01016
1451,NSE,AARTISURF,EQ,INE09EO01013
1452,NSE,AARTIPHARM,EQ,INE0LRU01027
1453,NSE,AARTIIND,EQ,INE769A01020
1454,NSE,ABMINTLLTD,EQ,INE251C01025
1455,NSE,AARTIDRUGS,EQ,INE767A01016
1456,NSE,AARON,EQ,INE721Z01010
1457,NSE,AAREYDRUGS,EQ,INE198H01019
1458,NSE,AAKASH,EQ,INE087Z01024
1459,NSE,AADHARHFC,EQ,INE883F01010
1460,NSE,AAATECH,EQ,INE0D0U01013
1461,NSE,A2ZINFRA,EQ,INE619I01012
1462,NSE,63MOONS,EQ,INE111B01023
1463,NSE,5PAISA,EQ,INE618L01018
1464,NSE,3PLAND,EQ,INE105C01023
1465,NSE,3MINDIA,EQ,INE470A01017
1466,NSE,3IINFOLTD,EQ,INE748C01038
1467,NSE,360ONE,EQ,INE466L01038
1468,NSE,21STCENMGM,EQ,INE253B01015
1469,NSE,LAMBODHARA,EQ,INE112F01022
1470,NSE,AARTECH,EQ,INE01C001026
1471,NSE,ABREL,EQ,INE055A01016
1472,NSE,ABSLAMC,EQ,INE404A01024
1473,NSE,ACC,EQ,INE012A01025
1474,NSE,AFFLE,EQ,INE00WC01027
1475,NSE,AFCONS,EQ,INE101I01011
1476,NSE,AETHER,EQ,INE0BWX01014
1477,NSE,AERONEU,EQ,INE035801013
1478,NSE,AEROFLEX,EQ,INE024001021
1479,NSE,AEROENTER,EQ,INE065D01027
1480,NSE,AEQUS,EQ,INE947N01017
1481,NSE,AEGISVOPAK,EQ,INE0INX01018
1482,NSE,AEGISLOG,EQ,INE208C01025
1483,NSE,ADVENZYMES,EQ,INE837H01020
1484,NSE,ADVENTHTL,EQ,INE28GN01010
1485,NSE,ADVANIHOTR,EQ,INE199C01026
1486,NSE,ADVANCE,EQ,INE1B0W01010
1487,NSE,ADSL,EQ,INE102I01027
1488,NSE,ADROITINFO,EQ,INE737B01033
1489,NSE,ADOR,EQ,INE045A01017
1490,NSE,ADL,EQ,INE0CHO01012
1491,NSE,ACCELYA,EQ,INE793A01012
1492,NSE,ACCURACY,EQ,INE648Z01023
1493,NSE,ACE,EQ,INE731H01025
1494,NSE,ACEINTEG,EQ,INE543V01017
1495,NSE,ACI,EQ,INE128X01021
1496,NSE,ACL,EQ,INE666E01020
1497,NSE,APCL,EQ,INE071F01012
1498,NSE,ACMESOLAR,EQ,INE622W01025
1499,NSE,ADANIENSOL,EQ,INE931S01010
1500,NSE,ADANIENT,EQ,INE423A01024
1501,NSE,ADANIGREEN,EQ,INE364U01010
1502,NSE,ADANIPORTS,EQ,INE742F01042
1503,NSE,ADANIPOWER,EQ,INE814H01029
1504,NSE,ADFFOODS,EQ,INE982B01027
1505,NSE,ACUTAAS,EQ,INE00FF01025
1506,NSE,APCOTEXIND,EQ,INE116A01032
1507,NSE,APEX,EQ,INE346W01013
1508,NSE,APLAPOLLO,EQ,INE702C01027
1509,NSE,BAJEL,EQ,INE0KQN01018
1510,NSE,BAJAJINDEF,EQ,INE0O9T01021
1511,NSE,BAJAJHLDNG,EQ,INE118A01012
1512,NSE,BAJAJHIND,EQ,INE306A01021
1513,NSE,BAJAJHFL,EQ,INE377Y01014
1514,NSE,BAJAJHCARE,EQ,INE411U01027
1515,NSE,BAJAJFINSV,EQ,INE918I01026
1516,NSE,BAJAJELEC,EQ,INE193E01025
1517,NSE,BAJAJCON,EQ,INE933K01021
1518,NSE,BAJAJ-AUTO,EQ,INE917I01010
1519,NSE,BAIDFIN,EQ,INE020D01022
1520,NSE,BAGFILMS,EQ,INE116D01028
1521,NSE,BAFNAPH,BE,INE878I01022
1522,NSE,AZAD,EQ,INE02IJ01035
1523,NSE,BAJFINANCE,EQ,INE296A01032
1524,NSE,AYMSYNTEX,EQ,INE193B01039
1525,NSE,AXISCADES,EQ,INE555B01013
1526,NSE,AXISBANK,EQ,INE238A01034
1527,NSE,AWL,EQ,INE699H01024
1528,NSE,AWHCL,EQ,INE01BK01022
1529,NSE,AWFIS,EQ,INE108V01019
1530,NSE,AVTNPL,EQ,INE488D01021
1531,NSE,AVROIND,EQ,INE652Z01017
1532,NSE,AVONMORE,EQ,INE323B01024
1533,NSE,AVL,EQ,INE679V01027
1534,NSE,AVG,EQ,INE680Z01018
1535,NSE,AVANTIFEED,EQ,INE871C01038
1536,NSE,AVANTEL,EQ,INE005B01027
1537,NSE,AVALON,EQ,INE0LCL01028
1538,NSE,AVADHSUGAR,EQ,INE349W01017
1539,NSE,AXITA,BE,INE02EZ01022
1540,NSE,BALAJEE,EQ,INE0S2G01011
1541,NSE,BALAJITELE,EQ,INE794B01026
1542,NSE,BALAMINES,EQ,INE050E01027
1543,NSE,BEDMUTHA,EQ,INE844K01012
1544,NSE,BECTORFOOD,EQ,INE495P01020
1545,NSE,BEARDSELL,EQ,INE520H01022
1546,NSE,BDL,EQ,INE171Z01026
1547,NSE,BCLIND,EQ,INE412G01024
1548,NSE,BCG,EQ,INE425B01027
1549,NSE,BBTCL,EQ,INE01EE01011
1550,NSE,BBTC,EQ,INE050A01025
1551,NSE,BBOX,EQ,INE676A01027
1552,NSE,BBL,EQ,INE464A01036
1553,NSE,BAYERCROP,EQ,INE462A01022
1554,NSE,BATAINDIA,EQ,INE176A01028
1555,NSE,BASML,EQ,INE186H01022
1556,NSE,BASF,EQ,INE373A01013
1557,NSE,BANSWRAS,EQ,INE629D01020
1558,NSE,BANSALWIRE,EQ,INE0B9K01025
1559,NSE,BANKINDIA,EQ,INE084A01016
1560,NSE,BALAXI,EQ,INE618N01022
1561,NSE,BALKRISHNA,EQ,INE875R01011
1562,NSE,BALKRISIND,EQ,INE787D01026
1563,NSE,BALMLAWRIE,EQ,INE164A01016
1564,NSE,BALPHARMA,EQ,INE083D01012
1565,NSE,BALRAMCHIN,EQ,INE119A01028
1566,NSE,AUTOIND,EQ,INE718H01014
1567,NSE,BALUFORGE,EQ,INE011E01029
1568,NSE,BANARISUG,EQ,INE459A01010
1569,NSE,BANCOINDIA,EQ,INE213C01025
1570,NSE,BANDHANBNK,EQ,INE545U01014
1571,NSE,BANG,EQ,INE863I01016
1572,NSE,BANKA,EQ,INE862Y01015
1573,NSE,BANKBARODA,EQ,INE028A01039
1574,NSE,BANARBEADS,EQ,INE655B01011
1575,NSE,EIDPARRY,EQ,INE126A01031
1576,NSE,AUTOAXLES,EQ,INE449A01011
1577,NSE,AURUM,EQ,INE898S01029
1578,NSE,ASAHISONG,EQ,INE228I01012
1579,NSE,ASAHIINDIA,EQ,INE439A01020
1580,NSE,ARVSMART,EQ,INE034S01021
1581,NSE,ARVINDFASN,EQ,INE955V01021
1582,NSE,ARVIND,EQ,INE034A01011
1583,NSE,ARVEE,BE,INE006Z01016
1584,NSE,ARTNIRMAN,EQ,INE738V01013
1585,NSE,ARTEMISMED,EQ,INE025R01021
1586,NSE,ARSSBL,EQ,INE549H01021
1587,NSE,ARROWGREEN,EQ,INE570D01018
1588,NSE,AROGRANITE,EQ,INE210C01013
1589,NSE,ARMANFIN,EQ,INE109C01017
1590,NSE,ARKADE,EQ,INE0QRL01017
1591,NSE,ARISINFRA,EQ,INE0H9P01028
1592,NSE,ASAL,EQ,INE900C01027
1593,NSE,ARIHANTSUP,EQ,INE643K01018
1594,NSE,ARIES,EQ,INE298I01015
1595,NSE,ARFIN,EQ,INE784R01023
1596,NSE,ARENTERP,EQ,INE610C01014
1597,NSE,ARE&M,EQ,INE885A01032
1598,NSE,ARCHIES,EQ,INE731A01020
1599,NSE,ARCHIDPLY,EQ,INE877I01016
1600,NSE,APTUS,EQ,INE852O01025
1601,NSE,APTECHT,EQ,INE266F01018
1602,NSE,APOLSINHOT,EQ,INE451F01024
1603,NSE,APOLLOTYRE,EQ,INE438A01022
1604,NSE,APOLLOPIPE,EQ,INE126J01016
1605,NSE,APOLLOHOSP,EQ,INE437A01024
1606,NSE,APOLLO,EQ,INE713T01028
1607,NSE,APLLTD,EQ,INE901L01018
1608,NSE,ARIHANTCAP,EQ,INE420B01036
1609,NSE,ASALCBR,EQ,INE073G01016
1610,NSE,ASHAPURMIN,EQ,INE348A01023
1611,NSE,ASHIANA,EQ,INE365D01021
1612,NSE,AUROPHARMA,EQ,INE406A01037
1613,NSE,AURIONPRO,EQ,INE132H01018
1614,NSE,AURIGROW,BE,INE925Y01036
1615,NSE,AUBANK,EQ,INE949L01017
1616,NSE,ATULAUTO,EQ,INE951D01028
1617,NSE,ATUL,EQ,INE100A01010
1618,NSE,ATLASCYCLE,EQ,INE446A01025
1619,NSE,ATLANTAELE,EQ,INE0Z4F01028
1620,NSE,ATLANTAA,EQ,INE285H01022
1621,NSE,ATL,EQ,INE0NN701020
1622,NSE,ATHERENERG,EQ,INE0LEZ01016
1623,NSE,ATGL,EQ,INE399L01023
1624,NSE,ATAM,EQ,INE09KD01013
1625,NSE,ATALREAL,EQ,INE0ALR01029
1626,NSE,ASTRON,EQ,INE646X01014
1627,NSE,ASTRAZEN,EQ,INE203A01020
1628,NSE,ASTRAMICRO,EQ,INE386C01029
1629,NSE,ASHIMASYN,EQ,INE440A01010
1630,NSE,ASHOKA,EQ,INE442H01029
1631,NSE,ASHOKAMET,EQ,INE760Y01011
1632,NSE,ASHOKLEY,EQ,INE208A01029
1633,NSE,ASIANENE,EQ,INE276G01015
1634,NSE,ASIANHOTNR,EQ,INE363A01022
1635,NSE,AUSOMENT,EQ,INE218C01016
1636,NSE,ASIANPAINT,EQ,INE021A01026
1637,NSE,ASKAUTOLTD,EQ,INE491J01022
1638,NSE,ASMS,EQ,INE855F01042
1639,NSE,ASPINWALL,EQ,INE991I01015
1640,NSE,ASTEC,EQ,INE563J01010
1641,NSE,ASTERDM,EQ,INE914M01019
1642,NSE,ASTRAL,EQ,INE006I01046
1643,NSE,ASIANTILES,EQ,INE022I01019
1644,NSE,EIEL,EQ,INE0LLY01014
1645,NSE,BCONCEPTS,EQ,INE977Y01011
1646,NSE,EIHAHOTELS,EQ,INE276C01014
1647,NSE,IRCTC,EQ,INE335Y01020
1648,NSE,IRCON,EQ,INE962Y01021
1649,NSE,IRB,EQ,INE821I01022
1650,NSE,IPL,EQ,INE0D6701023
1651,NSE,IPCALAB,EQ,INE571A01038
1652,NSE,IONEXCHANG,EQ,INE570A01022
1653,NSE,IOLCP,EQ,INE485C01029
1654,NSE,IOC,EQ,INE242A01010
1655,NSE,IOB,EQ,INE565A01014
1656,NSE,INVENTURE,EQ,INE878H01024
1657,NSE,INTLCONV,EQ,INE575C01027
1658,NSE,INTERARCH,EQ,INE00M901018
1659,NSE,INTENTECH,EQ,INE781A01025
1660,NSE,INTELLECT,EQ,INE306R01017
1661,NSE,IREDA,EQ,INE202E01016
1662,NSE,INSPIRISYS,EQ,INE020G01017
1663,NSE,INOXWIND,EQ,INE066P01011
1664,NSE,INOXINDIA,EQ,INE616N01034
1665,NSE,INOXGREEN,EQ,INE510W01014
1666,NSE,INNOVANA,EQ,INE403Y01018
1667,NSE,INNOVACAP,EQ,INE0DUT01020
1668,NSE,INGERRAND,EQ,INE177A01018
1669,NSE,INFY,EQ,INE009A01021
1670,NSE,INFOMEDIA,EQ,INE669A01022
1671,NSE,INFOBEAN,EQ,INE344S01016
1672,NSE,INFIBEAM,EQ,INE483S01020
1673,NSE,INDUSTOWER,EQ,INE121J01017
1674,NSE,INDUSINDBK,EQ,INE095A01012
1675,NSE,INDTERRAIN,EQ,INE611L01021
1676,NSE,INDSWFTLAB,EQ,INE915B01019
1677,NSE,INSECTICID,EQ,INE070I01018
1678,NSE,INDRAMEDCO,EQ,INE681B01017
1679,NSE,IRFC,EQ,INE053F01010
1680,NSE,IRISDOREME,EQ,INE01GN01025
1681,NSE,JBMA,EQ,INE927D01051
1682,NSE,JBCHEPHARM,EQ,INE572A01036
1683,NSE,JAYSREETEA,EQ,INE364A01020
1684,NSE,JAYNECOIND,EQ,INE854B01010
1685,NSE,JAYKAY,EQ,INE903A01025
1686,NSE,JAYBARMARU,EQ,INE571B01036
1687,NSE,JAYAGROGN,EQ,INE785A01026
1688,NSE,JASH,EQ,INE039O01029
1689,NSE,JARO,EQ,INE00YJ01010
1690,NSE,JAMNAAUTO,EQ,INE039C01032
1691,NSE,JAIPURKURT,EQ,INE696V01013
1692,NSE,JAINREC,EQ,INE0YD401026
1693,NSE,JAICORPLTD,EQ,INE070D01027
1694,NSE,JAIBALAJI,EQ,INE091G01026
1695,NSE,IRIS,EQ,INE864K01010
1696,NSE,JAGSNPHARM,EQ,INE048B01035
1697,NSE,J&KBANK,EQ,INE168A01041
1698,NSE,IZMO,EQ,INE848A01014
1699,NSE,IXIGO,EQ,INE0HV901016
1700,NSE,IVP,EQ,INE043C01018
1701,NSE,IVC,EQ,INE050B01023
1702,NSE,IVALUE,EQ,INE056801025
1703,NSE,ITI,EQ,INE248A01017
1704,NSE,ITDC,EQ,INE353K01014
1705,NSE,ITCHOTELS,EQ,INE379A01028
1706,NSE,ITC,EQ,INE154A01025
1707,NSE,ISHANCH,EQ,INE561M01018
1708,NSE,ISGEC,EQ,INE858B01029
1709,NSE,ISFT,EQ,INE566K01011
1710,NSE,IRMENERGY,EQ,INE07U701015
1711,NSE,JAGRAN,EQ,INE199G01027
1712,NSE,INDOWIND,EQ,INE227G01018
1713,NSE,INDOUS,EQ,INE250Z01010
1714,NSE,INDOTHAI,EQ,INE337M01021
1715,NSE,IFGLEXPOR,EQ,INE133Y01011
1716,NSE,IFCI,EQ,INE039A01010
1717,NSE,IFBIND,EQ,INE559A01017
1718,NSE,IFBAGRO,EQ,INE076C01018
1719,NSE,IEX,EQ,INE022Q01020
1720,NSE,IDFCFIRSTB,EQ,INE092T01019
1721,NSE,IDEAFORGE,EQ,INE349Y01013
1722,NSE,IDEA,EQ,INE669E01016
1723,NSE,IDBI,EQ,INE008A01015
1724,NSE,ICRA,EQ,INE725G01011
1725,NSE,ICIL,EQ,INE483B01026
1726,NSE,ICICIPRULI,EQ,INE726G01019
1727,NSE,ICICIGI,EQ,INE765G01017
1728,NSE,ICICIBANK,EQ,INE090A01021
1729,NSE,IGARASHI,EQ,INE188B01013
1730,NSE,ICICIAMC,EQ,INE346A01027
1731,NSE,ICDSLTD,EQ,INE613B01010
1732,NSE,IBULLSLTD,EQ,INE126M01010
1733,NSE,HYUNDAI,EQ,INE0V6F01027
1734,NSE,HYBRIDFIN,BE,INE965B01022
1735,NSE,HUHTAMAKI,EQ,INE275B01026
1736,NSE,HUDCO,EQ,INE031A01017
1737,NSE,HUBTOWN,EQ,INE703H01016
1738,NSE,HTMEDIA,EQ,INE501G01024
1739,NSE,HSCL,EQ,INE019C01026
1740,NSE,HPL,EQ,INE495S01016
1741,NSE,HPIL,EQ,INE05X901010
1742,NSE,HPAL,EQ,INE0GSL01024
1743,NSE,HONDAPOWER,EQ,INE634A01018
1744,NSE,HONAUT,EQ,INE671A01010
1745,NSE,ICEMAKE,EQ,INE520Y01019
1746,NSE,IGCL,EQ,INE05J901018
1747,NSE,IGIL,EQ,INE0Q9301021
1748,NSE,IGL,EQ,INE203G01027
1749,NSE,INDOTECH,EQ,INE332H01014
1750,NSE,INDOSTAR,EQ,INE896L01010
1751,NSE,INDORAMA,EQ,INE156A01020
1752,NSE,INDOFARM,EQ,INE622H01018
1753,NSE,INDOCO,EQ,INE873D01024
1754,NSE,INDOBORAX,EQ,INE803D01021
1755,NSE,INDOAMIN,EQ,INE760F01028
1756,NSE,INDNIPPON,EQ,INE092B01025
1757,NSE,INDIQUBE,EQ,INE06ST01018
1758,NSE,INDIGOPNTS,EQ,INE09VQ01012
1759,NSE,INDIGO,EQ,INE646L01027
1760,NSE,INDIASHLTR,EQ,INE922K01024
1761,NSE,INDIANHUME,EQ,INE323C01030
1762,NSE,INDIANCARD,EQ,INE061A01014
1763,NSE,INDIANB,EQ,INE562A01011
1764,NSE,INDIAMART,EQ,INE933S01016
1765,NSE,INDIAGLYCO,EQ,INE560A01023
1766,NSE,IGPL,EQ,INE204A01010
1767,NSE,IIFL,EQ,INE530B01024
1768,NSE,IIFLCAPS,EQ,INE489L01022
1769,NSE,IITL,EQ,INE886A01014
1770,NSE,IKIO,EQ,INE0LOJ01019
1771,NSE,IKS,EQ,INE115Q01022
1772,NSE,JETFREIGHT,BE,INE982V01025
1773,NSE,IMAGICAA,EQ,INE172N01012
1774,NSE,IMPAL,EQ,INE547E01014
1775,NSE,INCREDIBLE,EQ,INE452L01012
1776,NSE,INDBANK,EQ,INE841B01017
1777,NSE,INDGN,EQ,INE065X01017
1778,NSE,INDHOTEL,EQ,INE053A01029
1779,NSE,INDIACEM,EQ,INE383A01012
1780,NSE,IMFA,EQ,INE919H01018
1781,NSE,JGCHEM,EQ,INE0MB501011
1782,NSE,JHS,EQ,INE544H01014
1783,NSE,JINDALPOLY,EQ,INE197D01010
1784,NSE,KOPRAN,EQ,INE082A01010
1785,NSE,KOLTEPATIL,EQ,INE094I01018
1786,NSE,KOKUYOCMLN,EQ,INE760A01029
1787,NSE,KOHINOOR,EQ,INE080B01012
1788,NSE,KNRCON,EQ,INE634I01029
1789,NSE,KNAGRI,EQ,INE0KNW01016
1790,NSE,KMSUGAR,EQ,INE157H01023
1791,NSE,KMEW,EQ,INE0CJD01029
1792,NSE,KKCL,EQ,INE401H01017
1793,NSE,KITEX,EQ,INE602G01020
1794,NSE,KIRLPNU,EQ,INE811A01020
1795,NSE,KIRLOSIND,EQ,INE250A01039
1796,NSE,KIRLOSENG,EQ,INE146L01010
1797,NSE,KIRLOSBROS,EQ,INE732A01036
1798,NSE,KOTAKBANK,EQ,INE237A01036
1799,NSE,KIRIINDUS,EQ,INE415I01015
1800,NSE,KINGFA,EQ,INE473D01015
1801,NSE,KIMS,EQ,INE967H01025
1802,NSE,KILITCH,EQ,INE729D01010
1803,NSE,KICL,EQ,INE029L01018
1804,NSE,KHANDSE,EQ,INE060B01014
1805,NSE,KHAITANLTD,EQ,INE731C01018
1806,NSE,KHAICHEM,EQ,INE745B01028
1807,NSE,KHADIM,EQ,INE834I01025
1808,NSE,KFINTECH,EQ,INE138Y01010
1809,NSE,KEYFINSERV,EQ,INE681C01015
1810,NSE,KESORAMIND,BE,INE087A01019
1811,NSE,KERNEX,EQ,INE202H01019
1812,NSE,KELLTONTEC,EQ,INE164B01030
1813,NSE,KEI,EQ,INE878B01027
1814,NSE,KIOCL,EQ,INE880L01014
1815,NSE,KOTARISUG,EQ,INE419A01022
1816,NSE,KOTHARIPET,EQ,INE720A01015
1817,NSE,KOTHARIPRO,EQ,INE823A01017
1818,NSE,LAL,EQ,INE740X01023
1819,NSE,EIFFL,EQ,INE546V01010
1820,NSE,LAGNAM,EQ,INE548Z01017
1821,NSE,KUANTUM,EQ,INE529I01021
1822,NSE,KTKBANK,EQ,INE614B01018
1823,NSE,KSR,BE,INE1SPP01016
1824,NSE,KSOLVES,EQ,INE0D6I01023
1825,NSE,KSL,EQ,INE907A01026
1826,NSE,KSHITIJPOL,EQ,INE013801027
1827,NSE,KSHINTL,EQ,INE987S01020
1828,NSE,KSCL,EQ,INE455I01029
1829,NSE,KSB,EQ,INE999A01023
1830,NSE,KRYSTAL,EQ,INE0QN801017
1831,NSE,KRSNAA,EQ,INE08LI01020
1832,NSE,KROSS,EQ,INE0O6601022
1833,NSE,KRONOX,EQ,INE0ATZ01017
1834,NSE,KRN,EQ,INE0Q3J01015
1835,NSE,KPEL,EQ,INE127T01021
1836,NSE,KPIGREEN,EQ,INE542W01025
1837,NSE,KPIL,EQ,INE220B01022
1838,NSE,KPITTECH,EQ,INE04I401011
1839,NSE,KPRMILL,EQ,INE930H01031
1840,NSE,KRBL,EQ,INE001B01026
1841,NSE,KEEPLEARN,EQ,INE055C01020
1842,NSE,KREBSBIO,EQ,INE268B01013
1843,NSE,KRISHANA,EQ,INE506W01012
1844,NSE,KRISHIVAL,EQ,INE0GGO01015
1845,NSE,KRISHNADEF,EQ,INE0J5601015
1846,NSE,KRITI,EQ,INE479D01038
1847,NSE,KRITIKA,EQ,INE00Z501029
1848,NSE,KRITINUT,EQ,INE798K01010
1849,NSE,KRIDHANINF,EQ,INE524L01026
1850,NSE,HONASA,EQ,INE0J5401028
1851,NSE,KECL,EQ,INE134B01017
1852,NSE,KDDL,EQ,INE291D01011
1853,NSE,JTEKTINDIA,EQ,INE643A01035
1854,NSE,JSWSTEEL,EQ,INE019A01038
1855,NSE,JSWINFRA,EQ,INE880J01026
1856,NSE,JSWHL,EQ,INE824G01012
1857,NSE,JSWENERGY,EQ,INE121E01018
1858,NSE,JSWCEMENT,EQ,INE718I01012
1859,NSE,JSLL,EQ,INE0J5801029
1860,NSE,JSL,EQ,INE220G01021
1861,NSE,JSFB,EQ,INE953L01027
1862,NSE,JPPOWER,EQ,INE351F01018
1863,NSE,JPOLYINVST,EQ,INE147P01019
1864,NSE,JOCIL,EQ,INE839G01010
1865,NSE,JNKINDIA,EQ,INE0OAF01028
1866,NSE,JMFINANCIL,EQ,INE780C01023
1867,NSE,JTLIND,EQ,INE391J01032
1868,NSE,JMA,EQ,INE412C01023
1869,NSE,JKTYRE,EQ,INE573A01042
1870,NSE,JKPAPER,EQ,INE789E01012
1871,NSE,JKLAKSHMI,EQ,INE786A01032
1872,NSE,JKIPL,EQ,INE1FF001016
1873,NSE,JKIL,EQ,INE576I01022
1874,NSE,JKCEMENT,EQ,INE823G01014
1875,NSE,JITFINFRA,EQ,INE863T01013
1876,NSE,JISLJALEQS,EQ,INE175A01038
1877,NSE,JISLDVREQS,EQ,IN9175A01010
1878,NSE,JIOFIN,EQ,INE758E01017
1879,NSE,JINDWORLD,EQ,INE247D01039
1880,NSE,JINDRILL,EQ,INE742C01031
1881,NSE,JINDALSTEL,EQ,INE749A01030
1882,NSE,JINDALSAW,EQ,INE324A01032
1883,NSE,JLHL,EQ,INE682M01012
1884,NSE,JUBLCPL,EQ,INE03CC01015
1885,NSE,JUBLFOOD,EQ,INE797F01020
1886,NSE,JUBLINGREA,EQ,INE0BY001018
1887,NSE,KCPSUGIND,EQ,INE790B01024
1888,NSE,KCP,EQ,INE805C01028
1889,NSE,KAYNES,EQ,INE918Z01012
1890,NSE,KAYA,EQ,INE587G01015
1891,NSE,KAVDEFENCE,EQ,INE641C01019
1892,NSE,KAUSHALYA,EQ,INE234I01028
1893,NSE,KARURVYSYA,EQ,INE036D01028
1894,NSE,KARMAENG,EQ,INE725L01011
1895,NSE,KAPSTON,EQ,INE542Z01028
1896,NSE,KANSAINER,EQ,INE531A01024
1897,NSE,KANPRPLA,EQ,INE694E01014
1898,NSE,KANORICHEM,EQ,INE138C01024
1899,NSE,KANANIIND,EQ,INE879E01037
1900,NSE,KAMOPAINTS,EQ,INE0BTI01037
1901,NSE,KAMDHENU,EQ,INE390H01020
1902,NSE,KAMATHOTEL,EQ,INE967C01018
1903,NSE,KALYANKJIL,EQ,INE303R01014
1904,NSE,JUBLPHARMA,EQ,INE700A01033
1905,NSE,JUNIPER,EQ,INE696F01016
1906,NSE,JUSTDIAL,EQ,INE599M01018
1907,NSE,JWL,EQ,INE209L01016
1908,NSE,JYOTHYLAB,EQ,INE668F01031
1909,NSE,JYOTICNC,EQ,INE980O01024
1910,NSE,KEC,EQ,INE389H01022
1911,NSE,JYOTISTRUC,EQ,INE197A01024
1912,NSE,KAJARIACER,EQ,INE217B01036
1913,NSE,KAKATCEM,EQ,INE437B01014
1914,NSE,KALAMANDIR,EQ,INE438K01021
1915,NSE,KALPATARU,EQ,INE227J01012
1916,NSE,KALYANI,BE,INE610E01010
1917,NSE,KALYANIFRG,EQ,INE314G01014
1918,NSE,KABRAEXTRU,EQ,INE900B01029
1919,NSE,HOMEFIRST,EQ,INE481N01025
1920,NSE,JINDALPHOT,EQ,INE796G01012
1921,NSE,HMVL,EQ,INE871K01015
1922,NSE,GANESHBE,EQ,INE388A01029
1923,NSE,GANECOS,EQ,INE845D01014
1924,NSE,GANDHITUBE,EQ,INE524B01027
1925,NSE,GANDHAR,EQ,INE717W01049
1926,NSE,GALLANTT,EQ,INE297H01019
1927,NSE,GALAXYSURF,EQ,INE600K01018
1928,NSE,GALAPREC,EQ,INE0RE001014
1929,NSE,GAIL,EQ,INE129A01019
1930,NSE,GAEL,EQ,INE036B01030
1931,NSE,GABRIEL,EQ,INE524A01029
1932,NSE,FUSION,EQ,INE139R01012
1933,NSE,FSL,EQ,INE684F01012
1934,NSE,FOSECOIND,EQ,INE519A01011
1935,NSE,FORTIS,EQ,INE061F01013
1936,NSE,GANESHCP,EQ,INE652V01016
1937,NSE,FORCEMOT,EQ,INE451A01017
1938,NSE,FOCUS,EQ,INE593W01028
1939,NSE,FMNL,EQ,INE360L01017
1940,NSE,FMGOETZE,EQ,INE529A01010
1941,NSE,FLUOROCHEM,EQ,INE09N301011
1942,NSE,FLEXITUFF,EQ,INE060J01017
1943,NSE,FLAIR,EQ,INE00Y201027
1944,NSE,FIVESTAR,EQ,INE128S01021
1945,NSE,FISCHER,EQ,INE771F01041
1946,NSE,FIRSTCRY,EQ,INE02RE01045
1947,NSE,FINPIPE,EQ,INE183A01024
1948,NSE,FINOPB,EQ,INE02NC01014
1949,NSE,FINKURVE,EQ,INE734I01027
1950,NSE,FINEORG,EQ,INE686Y01026
1951,NSE,FINCABLES,EQ,INE235A01022
1952,NSE,FOODSIN,EQ,INE976E01023
1953,NSE,FILATFASH,EQ,INE185E01021
1954,NSE,GANESHHOU,EQ,INE460C01014
1955,NSE,GANGESSECU,EQ,INE335W01016
1956,NSE,GLAXO,EQ,INE159A01016
1957,NSE,GLAND,EQ,INE068V01023
1958,NSE,GKWLIMITED,EQ,INE528A01020
1959,NSE,GKSL,EQ,INE0V0W01025
1960,NSE,GKENERGY,EQ,INE1AG301022
1961,NSE,GIPCL,EQ,INE162A01010
1962,NSE,GINNIFILA,EQ,INE424C01010
1963,NSE,GILLETTE,EQ,INE322A01010
1964,NSE,GILLANDERS,EQ,INE047B01011
1965,NSE,GICRE,EQ,INE481Y01014
1966,NSE,GICHSGFIN,EQ,INE289B01019
1967,NSE,GHCLTEXTIL,EQ,INE0PA801013
1968,NSE,GHCL,EQ,INE539A01019
1969,NSE,GFLLIMITED,EQ,INE538A01037
1970,NSE,GANGAFORGE,EQ,INE691Z01023
1971,NSE,GESHIP,EQ,INE017A01032
1972,NSE,GENUSPOWER,EQ,INE955D01029
1973,NSE,GENUSPAPER,EQ,INE949P01018
1974,NSE,GENESYS,EQ,INE727B01026
1975,NSE,GENCON,EQ,INE854S01022
1976,NSE,GEMAROMA,EQ,INE06XZ01023
1977,NSE,GEEKAYWIRE,EQ,INE669X01032
1978,NSE,GEECEE,EQ,INE916G01016
1979,NSE,GCSL,BE,INE199P01028
1980,NSE,GAYAHWS,BE,INE287Z01012
1981,NSE,GATEWAY,EQ,INE079J01017
1982,NSE,GATECHDVR,EQ,INE224E01036
1983,NSE,GATECH,EQ,INE224E01028
1984,NSE,GARUDA,EQ,INE0JVO01026
1985,NSE,GARFIBRES,EQ,INE276A01018
1986,NSE,GEOJITFSL,EQ,INE007B01023
1987,NSE,FIEMIND,EQ,INE737H01014
1988,NSE,FIBERWEB,EQ,INE296C01020
1989,NSE,FEDFINA,EQ,INE007N01010
1990,NSE,EPACK,EQ,INE0G5901015
1991,NSE,ENTERO,EQ,INE010601016
1992,NSE,ENRIN,EQ,INE1NPP01017
1993,NSE,ENIL,EQ,INE265F01028
1994,NSE,ENGINERSIN,EQ,INE510A01028
1995,NSE,ENERGYDEV,BE,INE306C01019
1996,NSE,ENDURANCE,EQ,INE913H01037
1997,NSE,EMUDHRA,EQ,INE01QM01018
1998,NSE,EMSLIMITED,EQ,INE0OV601013
1999,NSE,EMMVEE,EQ,INE1C6T01020
2000,NSE,EMMBI,EQ,INE753K01015
2001,NSE,EMKAY,EQ,INE296H01011
2002,NSE,EMIL,EQ,INE02YR01019
2003,NSE,EMCURE,EQ,INE168P01015
2004,NSE,EPACKPEB,EQ,INE0MLS01022
2005,NSE,EMBDL,BE,INE069I01010
2006,NSE,EMAMIPAP,EQ,INE830C01026
2007,NSE,EMAMILTD,EQ,INE548C01032
2008,NSE,ELLEN,EQ,INE236E01022
2009,NSE,ELIN,EQ,INE050401020
2010,NSE,ELGIRUBCO,EQ,INE819L01012
2011,NSE,ELGIEQUIP,EQ,INE285A01027
2012,NSE,ELECTHERM,EQ,INE822G01016
2013,NSE,ELECTCAST,EQ,INE086A01029
2014,NSE,ELECON,EQ,INE205B01031
2015,NSE,ELDEHSG,EQ,INE668G01021
2016,NSE,EKC,EQ,INE184H01027
2017,NSE,HNDFDS,EQ,INE254N01026
2018,NSE,EIMCOELECO,EQ,INE158B01016
2019,NSE,EIHOTEL,EQ,INE230A01023
2020,NSE,EMAMIREAL,EQ,INE778K01012
2021,NSE,EPIGRAL,EQ,INE071N01016
2022,NSE,EPL,EQ,INE255A01020
2023,NSE,EQUIPPP,BE,INE217G01035
2024,NSE,FEDERALBNK,EQ,INE171A01029
2025,NSE,FDC,EQ,INE258B01022
2026,NSE,FCSSOFT,EQ,INE512B01022
2027,NSE,FCL,EQ,INE045J01034
2028,NSE,FAZE3Q,EQ,INE963C01033
2029,NSE,FAIRCHEMOR,EQ,INE0DNW01011
2030,NSE,FACT,EQ,INE188A01015
2031,NSE,FABTECH,EQ,INE0HF201011
2032,NSE,EXXARO,BE,INE0GFE01026
2033,NSE,EXPLEOSOL,EQ,INE201K01015
2034,NSE,EXIDEIND,EQ,INE302A01020
2035,NSE,EXICOM,EQ,INE777F01014
2036,NSE,EXCELSOFT,EQ,INE606N01019
2037,NSE,EXCELINDUS,EQ,INE369A01029
2038,NSE,EXCEL,EQ,INE688J01023
2039,NSE,EVERESTIND,EQ,INE295A01018
2040,NSE,EVEREADY,EQ,INE128A01029
2041,NSE,EQUITASBNK,EQ,INE063P01018
2042,NSE,ERIS,EQ,INE406M01024
2043,NSE,ESABINDIA,EQ,INE284A01012
2044,NSE,ESAFSFB,EQ,INE818W01011
2045,NSE,ESCORTS,EQ,INE042A01014
2046,NSE,ESSARSHPNG,BE,INE122M01019
2047,NSE,GLENMARK,EQ,INE935A01035
2048,NSE,ESSENTIA,EQ,INE418N01035
2049,NSE,ETERNAL,EQ,INE758T01015
2050,NSE,ETHOSLTD,EQ,INE04TZ01018
2051,NSE,EUREKAFORB,EQ,INE0KCE01017
2052,NSE,EUROBOND,EQ,INE505V01016
2053,NSE,EUROPRATIK,EQ,INE198501012
2054,NSE,EUROTEXIND,BE,INE022C01012
2055,NSE,ESTER,EQ,INE778B01029
2056,NSE,GLFL,BE,INE540A01017
2057,NSE,FILATEX,EQ,INE816B01035
2058,NSE,GLOBALE,EQ,INE0URU01010
2059,NSE,HECPROJECT,EQ,INE558R01013
2060,NSE,HEADSUP,EQ,INE759V01019
2061,NSE,HDFCLIFE,EQ,INE795G01014
2062,NSE,HDFCBANK,EQ,INE040A01034
2063,NSE,HDFCAMC,EQ,INE127D01025
2064,NSE,HDBFS,EQ,INE756I01012
2065,NSE,HCLTECH,EQ,INE860A01027
2066,NSE,HCL-INSYS,EQ,INE236A01020
2067,NSE,HCG,EQ,INE075I01017
2068,NSE,HCC,EQ,INE549A01026
2069,NSE,HBSL,BE,INE550B01022
2070,NSE,HBLENGINE,EQ,INE292B01021
2071,NSE,HAVISHA,EQ,INE293B01029
2072,NSE,HAVELLS,EQ,INE176B01034
2073,NSE,HEIDELBERG,EQ,INE578A01017
2074,NSE,HATSUN,EQ,INE473B01035
2075,NSE,HARSHA,EQ,INE0JUS01029
2076,NSE,HARRMALAYA,EQ,INE544A01019
2077,NSE,HARIOMPIPE,EQ,INE00EV01017
2078,NSE,HARDWYN,BE,INE626Z01029
2079,NSE,HAPPYFORGE,EQ,INE330T01021
2080,NSE,HAPPSTMNDS,EQ,INE419U01012
2081,NSE,HALEOSLABS,BE,INE320X01016
2082,NSE,HALDER,EQ,INE115S01010
2083,NSE,HAL,EQ,INE066F01020
2084,NSE,GVT&D,EQ,INE200A01026
2085,NSE,GVPTECH,EQ,INE382T01030
2086,NSE,GVPIL,EQ,INE878A01011
2087,NSE,GVKPIL,BE,INE251H01024
2088,NSE,GULPOLY,EQ,INE255D01024
2089,NSE,HATHWAY,EQ,INE982F01036
2090,NSE,HEMIPROP,EQ,INE0AJG01018
2091,NSE,HERANBA,EQ,INE694N01015
2092,NSE,HERITGFOOD,EQ,INE978A01027
2093,NSE,HMAAGRO,EQ,INE0ECP01024
2094,NSE,HLVLTD,EQ,INE102A01024
2095,NSE,HLEGLAS,EQ,INE461D01028
2096,NSE,GLOBAL,BE,INE291W01037
2097,NSE,HITECHGEAR,BE,INE127B01011
2098,NSE,HITECHCORP,EQ,INE120D01012
2099,NSE,HITECH,EQ,INE106T01025
2100,NSE,HISARMETAL,EQ,INE598C01011
2101,NSE,HIRECT,EQ,INE835D01023
2102,NSE,HINDZINC,EQ,INE267A01025
2103,NSE,HINDWAREAP,EQ,INE05AN01011
2104,NSE,HINDUNILVR,EQ,INE030A01027
2105,NSE,HINDPETRO,EQ,INE094A01015
2106,NSE,HINDOILEXP,EQ,INE345A01011
2107,NSE,HINDCOPPER,EQ,INE531E01026
2108,NSE,HINDCON,EQ,INE642Y01029
2109,NSE,HINDCOMPOS,EQ,INE310C01029
2110,NSE,HEROMOTOCO,EQ,INE158A01026
2111,NSE,HESTERBIO,EQ,INE782E01017
2112,NSE,HEUBACHIND,EQ,INE492A01029
2113,NSE,HEXATRADEX,EQ,INE750M01017
2114,NSE,HEXT,EQ,INE093A01041
2115,NSE,HFCL,EQ,INE548A01028
2116,NSE,GULFPETRO,EQ,INE586G01017
2117,NSE,HGINFRA,EQ,INE926X01010
2118,NSE,HGS,EQ,INE170I01016
2119,NSE,HIKAL,EQ,INE475B01022
2120,NSE,HILINFRA,EQ,INE00RL01028
2121,NSE,HILTON,EQ,INE788H01017
2122,NSE,HIMATSEIDE,EQ,INE049A01027
2123,NSE,HINDALCO,EQ,INE038A01020
2124,NSE,HGM,EQ,INE596H01014
2125,NSE,GULFOILLUB,EQ,INE635Q01029
2126,NSE,HEG,EQ,INE545A01024
2127,NSE,GUJTHEM,EQ,INE942C01045
2128,NSE,GOYALALUM,BE,INE705X01026
2129,NSE,GOPAL,EQ,INE0L9R01028
2130,NSE,GOODLUCK,EQ,INE127I01024
2131,NSE,GOLDTECH,EQ,INE805A01014
2132,NSE,GOLDIAM,EQ,INE025B01025
2133,NSE,GOKULAGRO,EQ,INE314T01033
2134,NSE,GOKUL,EQ,INE020J01029
2135,NSE,GOKEX,EQ,INE887G01027
2136,NSE,GODREJPROP,EQ,INE484J01027
2137,NSE,GODREJIND,EQ,INE233A01035
2138,NSE,GODREJCP,EQ,INE102D01028
2139,NSE,GODREJAGRO,EQ,INE850D01014
2140,NSE,GODIGIT,EQ,INE03JT01014
2141,NSE,GODAVARIB,EQ,INE497S01012
2142,NSE,GPIL,EQ,INE177H01039
2143,NSE,GOCOLORS,EQ,INE0BJS01011
2144,NSE,GOACARBON,EQ,INE426D01013
2145,NSE,GNFC,EQ,INE113A01013
2146,NSE,GNA,EQ,INE934S01014
2147,NSE,GMRP&UI,EQ,INE0CU601026
2148,NSE,GMRAIRPORT,EQ,INE776C01039
2149,NSE,GMMPFAUDLR,EQ,INE541A01023
2150,NSE,GMDCLTD,EQ,INE131A01031
2151,NSE,GMBREW,EQ,INE075D01018
2152,NSE,GLOTTIS,EQ,INE0TQE01026
2153,NSE,GLOSTERLTD,EQ,INE350Z01018
2154,NSE,GLOBUSSPR,EQ,INE615I01010
2155,NSE,GLOBECIVIL,EQ,INE0V3U01015
2156,NSE,GLOBE,EQ,INE581X01021
2157,NSE,GLOBALVECT,EQ,INE792H01019
2158,NSE,GOCLCORP,EQ,INE077F01035
2159,NSE,GPPL,EQ,INE517F01014
2160,NSE,GODFRYPHLP,EQ,INE260B01028
2161,NSE,GSPL,EQ,INE246F01010
2162,NSE,GUJGASLTD,EQ,INE844O01030
2163,NSE,GUJAPOLLO,EQ,INE826C01016
2164,NSE,GPTHEALTH,EQ,INE486R01017
2165,NSE,GUJALKALI,EQ,INE186A01019
2166,NSE,GUFICBIO,EQ,INE742B01025
2167,NSE,GTPL,EQ,INE869I01013
2168,NSE,GTLINFRA,EQ,INE221H01019
2169,NSE,GTL,EQ,INE043A01012
2170,NSE,GTECJAINX,EQ,INE586X01012
2171,NSE,GSS,EQ,INE871H01011
2172,NSE,GSLSU,BE,INE0JSX01015
2173,NSE,GSFC,EQ,INE026A01025
2174,NSE,GRWRHITECH,EQ,INE291A01017
2175,NSE,GRPLTD,EQ,INE137I01015
2176,NSE,GROWW,EQ,INE0HOQ01053
2177,NSE,GRSE,EQ,INE382Z01011
2178,NSE,GROBTEA,EQ,INE646C01018
2179,NSE,GPTINFRA,EQ,INE390G01014
2180,NSE,GRANULES,EQ,INE101D01020
2181,NSE,GRAPHITE,EQ,INE371A01025
2182,NSE,GRASIM,EQ,INE047A01021
2183,NSE,GRAVITA,EQ,INE024L01027
2184,NSE,GREAVESCOT,EQ,INE224A01026
2185,NSE,GREENPANEL,EQ,INE08ZM01014
2186,NSE,GREENLAM,EQ,INE544R01021
2187,NSE,GREENPOWER,EQ,INE999K01014
2188,NSE,GRINDWELL,EQ,INE536A01023
2189,NSE,GRINFRA,EQ,INE201P01022
2190,NSE,GRMOVER,EQ,INE192H01020
2191,NSE,GREENPLY,EQ,INE461C01038
2192,NSE,GUJRAFFIA,BE,INE610B01024
2193,BSE,BSE500IETF,A,INF109KC1V59
2194,BSE,UHZAVERI,B,INE556Z01010
2195,BSE,KENVI,B,INE923Y01023
2196,BSE,PALMJEWELS,B,INE838Z01012
2197,BSE,TRL,B,INE459Z01017
2198,BSE,ACTIVE,B,INE380Z01015
2199,BSE,RAJNISH,B,INE685Z01033
2200,BSE,RAWEDGE,B,INE960Z01014
2201,BSE,DECCAN,B,INE452W01019
2202,BSE,ABSLNN50ET,B,INF209KB16D7
2203,BSE,NIFTYETF,B,INF769K01EG9
2204,BSE,BCPL,B,INE00SW01015
2205,BSE,KRANTI,B,INE911T01010
2206,BSE,DEEP,B,INE00IY01012
2207,BSE,NEXT50IETF,B,INF109KC1NS5
2208,BSE,ASRL,B,INE01B501018
2209,BSE,SETFSN50,A,INF200KA1VQ2
2210,BSE,DOLFIN,B,INE666Y01010
2211,BSE,SMGOLD,B,INE00Q901014
2212,BSE,VIVIDM,B,INE647Z01025
2213,BSE,ANG,B,INE236W01016
2214,BSE,NEXT50BETA,B,INF789F1AUW9
2215,BSE,LOWVOLIETF,B,INF109KC19U5
2216,BSE,CHEMCRUX,B,INE298W01016
2217,BSE,PRIMEFRESH,B,INE442V01012
2218,BSE,MEERA,B,INE343X01018
2219,BSE,PQIF,B,INE689M01025
2220,BSE,SHARIKA,B,INE669Y01022
2221,BSE,ICICIB22,A,INF109KB15Y7
2222,BSE,RATNABHUMI,B,INE821Y01011
2223,BSE,GGL,B,INE063Z01017
2224,BSE,TTFL,B,INE071Y01013
2225,BSE,POOJA,B,INE973X01012
2226,BSE,STL,B,INE402Y01028
2227,BSE,AGOL,B,INE05FR01029
2228,BSE,INFRABEES,B,INF732E01268
2229,BSE,ESG,B,INF769K01GS9
2230,BSE,BANKBETA,B,INF789F1AUV1
2231,BSE,ADVAIT,B,INE0ALI01010
2232,BSE,HDFCNIFBAN,B,INF179KC1HY0
2233,BSE,FMCGIETF,B,INF109KC19V3
2234,BSE,IFL,B,INE714U01024
2235,BSE,BFSI,B,INF769K01HI8
2236,BSE,HEALTHIETF,B,INF109KC1Q72
2237,BSE,MAFANG,B,INF769K01HF4
2238,BSE,EKI,B,INE0CPR01018
2239,BSE,ITIETF,B,INF109KC16I6
2240,BSE,GALACTICO,B,INE906Y01028
2241,BSE,ALPHALOGIC,B,INE08E401029
2242,BSE,PVTBANIETF,B,INF109KC18U7
2243,BSE,SNXT50BEES,A,INF204KB15D0
2244,BSE,BANKIETF,B,INF109KC15I8
2245,BSE,MURAE,B,INE060601031
2246,BSE,NSL,B,INE01BL01012
2247,BSE,BMW,B,INE374E01021
2248,BSE,ARL,B,INE02GA01012
2249,BSE,VRFILMS,B,INE06LG01010
2250,BSE,ABSLBANETF,B,INF209KB17D5
2251,BSE,ANUROOP,B,INE490Z01012
2252,BSE,11MPR,B,INF204KB16U2
2253,BSE,11QPD,B,INF204KB11U3
2254,BSE,11QPR,B,INF204KB12U1
2255,BSE,11AMD,B,INF204KB18T0
2256,BSE,11AQD,B,INF204KB14T9
2257,BSE,11DPD,B,INF204KB13U9
2258,BSE,11MPD,B,INF204KB15U4
2259,BSE,ALPL30IETF,B,INF109KC17V7
2260,BSE,SNXT50BETA,A,INF789F1AUU3
2261,BSE,11GPG,B,INF204KB10U5
2262,BSE,ROJL,B,INE0BDU01028
2263,BSE,11DPR,B,INF204KB14U7
2264,BSE,MIDCAPIETF,B,INF109KC11W8
2265,BSE,08MPD,B,INF204KB11T5
2266,BSE,08GPG,B,INF204KB16S6
2267,BSE,08AGG,B,INF204KB18R4
2268,BSE,NEXT50,B,INF769K01FN2
2269,BSE,NIFTYIETF,B,INF109K012R6
2270,BSE,MOM100,B,INF247L01023
2271,BSE,ALSL,B,INE030P01017
2272,BSE,MMLF,B,INE340O01021
2273,BSE,GCMSECU,B,INE168O01026
2274,BSE,SBISENSEX,A,INF200K01VT2
2275,BSE,BENGALASM,B,INE083K01017
2276,BSE,NIF100IETF,B,INF109KC16V9
2277,BSE,NIF100BEES,B,INF204K014N5
2278,BSE,MOBAVENUE,B,INE622Q01019
2279,BSE,KAMATS,B,INE564S01019
2280,BSE,PANORAMA,B,INE258R01028
2281,BSE,HDFCSENSEX,A,INF179KC1HX2
2282,BSE,BLUECLOUDS,B,INE373T01047
2283,BSE,HDFCNIFTY,B,INF179KC1965
2284,BSE,NV20IETF,B,INF109KC11V0
2285,BSE,VSL,B,INE607V01028
2286,BSE,NAKSH,B,INE256S01012
2287,BSE,SPRAYKING,B,INE537U01037
2288,BSE,MIDSELIETF,B,INF109KC10W0
2289,BSE,KPL,B,INE552U01010
2290,BSE,BSLSENETFG,A,INF209KB10E8
2291,BSE,VISHALBL,B,INE060T01024
2292,BSE,SETFBSE100,A,INF200KA1572
2293,BSE,CAPPIPES,B,INE513R01026
2294,BSE,CEINSYSTECH,B,INE016Q01014
2295,BSE,ARYACAPM,B,INE229R01011
2296,BSE,SENSEXBEES,A,INF204KA1UN7
2297,BSE,MIIL,B,INE898Q01015
2298,BSE,NIFTY1,B,INF174K014P6
2299,BSE,CPSEETF,A,INF457M01133
2300,BSE,BRPL,B,INE319Q01012
2301,BSE,VISHAL,B,INE755Q01025
2302,BSE,SENSEXBETA,A,INF789FB1X58
2303,BSE,NIFTYBETA,B,INF789F1AZC0
2304,BSE,UNIAUTO,B,INE203T01012
2305,BSE,URSUGAR,B,INE904R01027
2306,BSE,GROWINGTON,B,INE451S01027
2307,BSE,PSUBNKBEES,B,INF204KB16I7
2308,BSE,EVIETF,B,INF109K1A153
2309,BSE,SBIBPB,B,INF200KB1712
2310,BSE,AXISVALUE,B,INF846KA1119
2311,BSE,EQUAL200,B,INF769K01OA1
2312,BSE,SELECTIPO,B,INF769K01ON4
2313,BSE,NEXT30ADD,B,INF740KA1VE5
2314,BSE,CONSUMER,B,INF769K01NS5
2315,BSE,ECAPINSURE,B,INF754K01TX4
2316,BSE,INTERNET,B,INF769K01PB6
2317,BSE,SNXT30BEES,B,INF204KC1EZ3
2318,BSE,TOP15IETF,B,INF109K1A344
2319,BSE,TOP10ADD,B,INF740KA1UR9
2320,BSE,MULTICAP,B,INF769K01LX9
2321,BSE,EVINDIA,B,INF769K01LQ3
2322,BSE,SBINEQWETF,B,INF200KB1282
2323,BSE,OILIETF,B,INF109KC18W3
2324,BSE,ABSLPSE,B,INF209KB19Z4
2325,BSE,METALIETF,B,INF109KC19W1
2326,BSE,BANKPSU,B,INF769K01LZ4
2327,BSE,METAL,B,INF769K01LY7
2328,BSE,VAL30IETF,B,INF109KC16X5
2329,BSE,NSDL,B,INE301O01023
2330,BSE,SENSEXIETF,A,INF346A01034
2331,BSE,NEXT50ADD,B,INF740KA1XU7
2332,BSE,DIVIDEND,B,INF769K01PY8
2333,BSE,TOP20,B,INF769K01PZ5
2334,BSE,ESENSEX,B,INF754K01VY8
2335,BSE,MSCIADD,B,INF740KA1WV7
2336,BSE,SMALLADD,B,INF740KA1WX3
2337,BSE,BANKNIFTY1,B,INF174K01F59
2338,BSE,SETFNIFBK,B,INF200KA1580
2339,BSE,SETFNIF50,B,INF200KA1FS1
2340,BSE,LIQUID1,B,INF174KA1LV5
2341,BSE,ITBEES,B,INF204KB15V2
2342,BSE,MOM50,B,INF247L01536
2343,BSE,PHARMABEES,B,INF204KC1089
2344,BSE,AIRTELPP,A,IN9397D01014
2345,BSE,SOLARAPP1,B,IN9624Z01022
2346,BSE,CALSOFTPP,B,IN9526B01012
2347,BSE,LLOYDSENPP,A,IN9093R01019
2348,BSE,SSFLPP,B,IN9572J01019
2349,BSE,MID150BEES,B,INF204KB1V68
2350,BSE,QNIFTY,B,INF082J01028
2351,BSE,PSUBANK,B,INF373I01023
2352,BSE,SHARIABEES,B,INF732E01128
2353,BSE,NIFTYBEES,B,INF204KB14I2
2354,BSE,JUNIORBEES,B,INF732E01045
2355,BSE,BANKBEES,B,INF204KB15I9
2356,BSE,SML100CASE,B,INF0R8F01141
2357,BSE,GROWWPOWER,B,INF666M01LM6
2358,BSE,MANUFGBEES,B,INF204KC1GH6
2359,BSE,FLEXIADD,B,INF740KA1WU9
2360,BSE,NIFTYCASE,B,INF0R8F01166
2361,BSE,ENERGY,B,INF769K01PR2
2362,BSE,SMALL250,B,INF769K01PQ4
2363,BSE,HDFCMOMENT,B,INF179KC1HV6
2364,BSE,HDFCLOWVOL,B,INF179KC1HU8
2365,BSE,HDFCGROWTH,B,INF179KC1DJ0
2366,BSE,HDFCQUAL,B,INF179KC1DL6
2367,BSE,MOVALUE,B,INF247L01BE5
2368,BSE,MOMENTUM,B,INF209KB14K7
2369,BSE,NIFTYQLITY,B,INF209KB15K4
2370,BSE,MOHEALTH,B,INF247L01BB1
2371,BSE,MOM30IETF,B,INF109KC17C7
2372,BSE,HDFCNIF100,B,INF179KC1HR4
2373,BSE,HDFCNEXT50,B,INF179KC1HS2
2374,BSE,INFRAIETF,B,INF109KC16E5
2375,BSE,ASHIKA,B,INE094B01013
2376,BSE,BANKADD,B,INF740KA1RX3
2377,BSE,COMMOIETF,B,INF109KC19O8
2378,BSE,HDFCNIFIT,B,INF179KC1IA8
2379,BSE,FINIETF,B,INF109KC17L8
2380,BSE,HDFCPVTBAN,B,INF179KC1HZ7
2381,BSE,MAHKTECH,B,INF769K01HS7
2382,BSE,EQUAL50ADD,B,INF740KA1QK2
2383,BSE,CONSUMIETF,B,INF109KC1V42
2384,BSE,AXISTECETF,B,INF846K01Y96
2385,BSE,AXISHCETF,B,INF846K01Z12
2386,BSE,AXISCETF,B,INF846K016C7
2387,BSE,MASPTOP50,B,INF769K01HP3
2388,BSE,TECH,B,INF209KB11D8
2389,BSE,HEALTHY,B,INF209KB10C2
2390,BSE,BSLNIFTY,B,INF209KB19D1
2391,BSE,MIDCAPETF,B,INF769K01IC9
2392,BSE,ACHYUT,B,INE0K1401020
2393,BSE,MOMOMENTUM,B,INF247L01BK2
2394,BSE,MONQ50,B,INF247L01AU3
2395,BSE,MIDQ50ADD,B,INF740KA1QL0
2396,BSE,AUTOIETF,B,INF109KC10V2
2397,BSE,MAKEINDIA,B,INF769K01IB1
2398,BSE,NIFTYADD,B,INF740KA1CL0
2399,BSE,HDFCBSE500,B,INF179KC1EZ4
2400,BSE,HDFCSML250,B,INF179KC1FB2
2401,BSE,HDFCMID150,B,INF179KC1HT0
2402,BSE,HDFCPSUBK,B,INF179KC1HW4
2403,BSE,HEALTHADD,B,INF740KA1UF4
2404,BSE,ITBETA,B,INF789F1AZD8
2405,BSE,BANKBETF,B,INF0QA701714
2406,BSE,NIFTYBETF,B,INF0QA701722
2407,BSE,MIDSMALL,B,INF769K01LJ8
2408,BSE,MID150CASE,B,INF0R8F01059
2409,BSE,TOP100CASE,B,INF0R8F01067
2410,BSE,BBNPNBETF,B,INF251K01TL6
2411,BSE,LICNMID100,B,INF767K01RN1
2412,BSE,SMALLCAP,B,INF769K01LC3
2413,BSE,PVTBANKADD,B,INF740KA1TA7
2414,BSE,PSUBANKADD,B,INF740KA1SY9
2415,BSE,BANKETF,B,INF769K01KR3
2416,BSE,ITADD,B,INF740KA1SX1
2417,BSE,PSUBNKIETF,B,INF109KC10S8
2418,BSE,AXSENSEX,B,INF846K010Q0
2419,BSE,LOWVOL,B,INF769K01JU9
2420,BSE,QUAL30IETF,B,INF109KC18V5
2421,BSE,SENSEXETF,A,INF769K01KT9
2422,BSE,ITETF,B,INF769K01KV5
2423,BSE,ALPHAETF,B,INF769K01KU7
2424,BSE,MIDCAPBETA,B,INF789F1AYX9
2425,BSE,BENARAS,B,INE664D01019
2426,BSE,BAJAJST,B,INE704G01024
2427,BSE,ISTLTD,B,INE684B01029
2428,BSE,HAWKINCOOK,B,INE979B01015
2429,BSE,DECNGOLD,B,INE945F01025
2430,BSE,TCC,B,INE887D01016
2431,BSE,ZSARACOM,B,INE967G01019
2432,BSE,TGVSL,B,INE284B01028
2433,BSE,KENNAMET,B,INE717A01029
2434,BSE,WPIL,B,INE765D01022
2435,BSE,GRAUWEIL,B,INE266D01021
2436,BSE,HERCULES,B,INE688E01024
2437,BSE,TANFACIND,B,INE639B01015
2438,BSE,AGVENTURES,B,INE321D01016
2439,BSE,ULTRAMAR,B,INE405A01021
2440,BSE,MMWL,B,INE200D01020
2441,BSE,CIANAGRO,B,INE052V01019
2442,BSE,MARSONS,B,INE415B01044
2443,BSE,KLBRENG-B,B,INE338F01015
2444,BSE,BGDL,B,INE893C01032
2445,BSE,GUJTLRM,B,INE145J01032
2446,BSE,RIR,B,INE302D01024
2447,BSE,SEKURITIND,B,INE068B01017
2448,BSE,JYOTIRES,B,INE577D01013
2449,BSE,WINSOMTX,B,INE837B01031
2450,BSE,KIRLFER,A,INE884B01025
2451,BSE,NIRLON,B,INE910A01012
2452,BSE,SPICEJET,A,INE285B01017
2453,BSE,DISAQ,B,INE131C01011
2454,BSE,ATLPP,B,IN90NN701011
2455,BSE,COCKERILL,B,INE515A01019
2456,BSE,GOODYEAR,B,INE533A01012
2457,BSE,ELANTAS,B,INE280B01018
2458,BSE,PUNJCOMMU,B,INE609A01010
2459,BSE,INDPRUD,B,INE620D01011
2460,BSE,NATIONSTD,B,INE166R01015
2461,BSE,ZFSTEERING,B,INE116C01012
2462,BSE,ACGL,B,INE451C01013
2463,BSE,ELCIDIN,B,INE927X01018
2464,BSE,ELPROINTL,B,INE579B01039
2465,BSE,HOCL,B,INE048A01011
2466,BSE,TIMEX,B,INE064A01026
2467,BSE,WELSPLSOL,B,INE731F01037
2468,BSE,NOVARTIND,B,INE234A01025
2469,BSE,HINDMOTORS,B,INE253A01025
2470,BSE,FRONTSP,B,INE572D01014
2471,BSE,HAZOOR,B,INE550F01049
2472,BSE,KAMAHOLD,A,INE411F01010
2473,BSE,BLIL,B,INE525F01025
2474,BSE,SENSEX1,A,INF174KA1JD7
2475,BSE,BIBCL,B,INE994B01014
2476,BSE,KMCSHIL,B,INE879K01018
2477,BSE,ASMTEC,B,INE867C01010
2478,BSE,BNAGROCHEM,B,INE00HZ01011
2479,BSE,ANDREWYU,B,INE449C01025
2480,BSE,KOVAI,B,INE177F01017
2481,BSE,CROPSTER,B,INE293E01031
2482,BSE,GRANDOAK,B,INE926B01016
2483,BSE,HINFLUR,B,INE806J01013
2484,BSE,INDBNK,B,INE969D01012
2485,BSE,LOTUSCHO,B,INE026D01011
2486,BSE,SIKA,B,INE438E01032
2487,BSE,DRAGARWQ,B,INE934C01018
2488,BSE,ORIRAIL,B,INE457G01029
2489,BSE,ASTAR,B,INE194D01017
2490,BSE,PRAVEG,B,INE722B01019
2491,BSE,ARIHANT,B,INE413D01011
2492,BSE,3BBLACKBIO,B,INE994E01018
2493,BSE,GUJSTATFIN,B,INE944A01011
2494,BSE,MERCURYEV,B,INE763M01028
2495,BSE,ECORECO,B,INE316A01038
2496,BSE,KRISHPP,B,IN90GGO01013
